식품명,식품대분류명,에너지(kcal),단백질(g),지방(g),탄수화물(g),당류(g),식이섬유(g),나트륨(mg),포화지방산(g),채소_보너스,Nutri_Score,최종점수
가래떡,빵 및 과자류,205.0,3.92,0.51,46.11,0.03,0.65,241.0,0.19,0,C,-1.0
가오리찜,찜류,65.5,12.34,1.12,1.99,0.38,1.85,139.0,0.2,0,A,-7.0
가오리콩나물찜,찜류,29.0,2.68,0.84,3.5,0.69,1.3,111.0,0.15,0,B,-2.0
가오리회무침,생채·무침류,47.0,4.7,0.47,6.47,3.54,1.3,164.0,0.09,5,A,-8.0
가자미 매운탕,찌개 및 전골류,31.0,4.45,0.82,1.45,0.37,0.55,121.5,0.14,0,B,-2.0
가자미구이,구이류,138.5,16.7,6.44,1.01,0.0,0.1,303.0,1.16,0,B,-3.0
가자미식해,젓갈류,134.0,11.09,4.81,11.64,3.71,4.1,685.0,0.7,0,B,-3.0
가자미조림,조림류,99.0,12.37,2.52,7.0,2.53,1.7,564.0,0.43,0,C,-1.0
가자미찜,찜류,77.5,11.75,1.95,2.73,0.77,0.7,344.5,0.34,0,B,-3.0
가자미튀김,튀김류,159.5,12.9,9.45,4.22,0.0,0.15,486.5,1.5,0,C,-1.0
가죽나물무침,생채·무침류,76.0,5.83,1.35,10.05,3.81,6.2,276.0,0.19,5,A,-11.0
가지김치,김치류,36.0,2.1,0.77,6.22,2.45,3.5,1592.0,0.15,5,C,1.0
가지나물,나물·숙채류,34.0,1.24,1.5,4.18,1.89,2.1,228.0,0.22,5,A,-6.0
가지냉국,국 및 탕류,19.0,1.1,0.39,3.42,1.4,1.9,654.0,0.08,0,D,4.0
가지볶음,볶음류,33.0,0.91,1.79,3.76,1.8,1.63,179.67,0.28,1,B,-2.0
가지전,전·적 및 부침류,114.0,3.2,6.13,8.88,0.84,2.2,337.0,1.07,0,B,-2.0
가지찜,찜류,120.0,5.6,6.26,10.22,2.64,2.9,401.5,2.35,0,B,-2.0
가지탕수,튀김류,159.67,2.27,6.75,21.99,4.35,2.2,244.67,1.03,0,B,-2.0
간자장,면 및 만두류,139.5,5.21,3.57,21.11,2.0,2.33,399.5,0.89,0,B,-2.0
간재미회무침,생채·무침류,47.0,4.73,0.47,6.47,3.57,1.3,164.0,0.09,5,A,-8.0
갈매기살구이,구이류,312.0,26.98,22.6,0.28,0.09,0.0,124.0,9.82,0,C,3.0
갈비구이,구이류,299.0,20.91,21.03,6.47,4.36,1.04,412.6,7.83,0,C,3.0
갈비찜,찜류,172.0,19.94,6.57,6.95,1.73,2.0,301.0,2.67,0,B,-4.0
갈비탕,국 및 탕류,51.5,3.45,2.8,2.29,0.15,0.2,100.0,0.98,0,B,-2.0
갈치구이,구이류,127.5,9.82,7.34,3.05,1.01,0.1,326.0,1.64,0,B,-3.0
갈치젓,젓갈류,149.0,15.53,5.08,10.28,4.91,6.8,5023.0,1.87,0,C,0.0
갈치조림,조림류,86.33,8.07,3.43,5.5,2.04,0.97,275.67,0.93,0,B,-4.0
갈치찌개,찌개 및 전골류,40.25,4.3,1.42,2.42,0.83,0.72,212.75,0.39,0,C,-1.0
갈치튀김,튀김류,78.0,4.6,5.47,1.85,0.16,0.1,172.0,1.06,0,B,-2.0
감바스,볶음류,303.67,8.81,22.25,17.12,1.57,1.9,555.0,3.31,1,C,-1.0
감자,찜류,70.0,2.16,0.16,15.01,0.86,1.7,3.0,0.03,0,B,-2.0
감자 된장국,국 및 탕류,27.0,1.9,0.55,3.66,0.33,1.15,211.5,0.1,0,C,-1.0
감자 소고기찌개,찌개 및 전골류,50.67,3.33,2.39,3.97,0.67,0.93,288.33,0.66,0,C,-1.0
감자 호박된장국,국 및 탕류,25.0,2.1,0.43,3.51,0.55,1.4,377.0,0.09,0,C,1.0
감자구이,구이류,102.0,1.95,4.07,15.31,0.55,2.65,49.0,1.01,0,B,-3.0
감자국,국 및 탕류,22.0,1.34,0.18,4.09,0.24,0.9,216.5,0.04,0,C,0.0
감자그라탕,구이류,137.33,3.73,7.28,14.41,2.06,2.53,357.0,1.81,0,B,-2.0
감자밥,밥류,130.0,2.4,0.14,28.45,0.01,0.7,2.0,0.05,0,C,-1.0
감자범벅,"곡류, 서류 제품",94.33,2.3,0.05,21.71,4.2,3.1,599.0,0.04,0,C,1.0
감자볶음,볶음류,88.0,1.9,3.08,11.81,0.88,1.9,208.0,0.56,1,B,-3.0
감자빵,빵 및 과자류,211.0,1.33,10.18,45.33,9.33,2.3,307.0,2.53,0,C,2.0
감자샐러드,생채·무침류,138.17,2.3,8.46,13.65,2.28,2.17,380.5,1.32,5,A,-5.0
감자샐러드 샌드위치,빵 및 과자류,108.33,3.07,4.75,13.46,2.27,1.3,216.67,1.21,0,C,-1.0
감자스프,죽 및 스프류,90.33,2.83,4.41,9.44,2.64,0.67,20.0,2.54,0,C,0.0
감자연근튀김,튀김류,149.0,3.8,4.31,22.74,0.38,1.8,405.0,0.85,0,C,-1.0
감자전,전·적 및 부침류,93.0,1.72,3.24,13.75,0.11,1.7,69.0,0.52,0,B,-2.0
감자조림,조림류,92.0,1.8,2.49,15.95,2.25,1.8,282.0,0.38,0,C,-1.0
감자탕,찌개 및 전골류,65.0,4.59,3.34,3.37,0.42,1.3,172.0,0.8,0,B,-3.0
감자튀김,튀김류,114.0,2.1,4.78,15.88,1.41,2.7,376.0,0.73,0,C,-1.0
갑오징어무침,생채·무침류,50.0,5.31,0.74,5.89,3.06,0.8,225.0,0.12,5,A,-7.0
갓김치,김치류,37.0,3.26,0.4,7.07,2.46,3.0,720.0,0.08,5,B,-3.0
강낭콩밥,밥류,111.5,2.25,0.24,24.1,0.08,0.95,1.5,0.08,0,B,-2.0
개고기 수육,찜류,226.0,15.8,17.15,3.1,0.1,1.4,54.0,3.45,0,B,-4.0
개고기무침,생채·무침류,121.0,7.63,8.82,3.76,0.9,2.3,111.0,1.64,5,A,-11.0
개고기전골,찌개 및 전골류,74.0,5.56,5.03,2.35,0.53,1.4,109.0,1.02,0,B,-4.0
개피떡(바람떡),빵 및 과자류,206.0,5.32,0.81,44.3,7.62,2.3,286.0,0.26,0,B,-3.0
건갈치조림,조림류,96.0,11.2,3.68,3.68,1.9,0.3,1051.0,1.0,0,D,5.0
건꼴뚜기조림,조림류,288.0,29.4,13.55,10.14,1.55,0.9,1038.0,1.96,0,D,4.0
건새우 미역국,국 및 탕류,27.25,3.8,1.03,0.95,0.19,0.6,361.5,0.17,0,C,1.0
건새우볶음,볶음류,137.0,13.11,5.38,5.55,1.98,0.5,1004.5,0.85,1,D,4.0
검정콩밥,밥류,130.67,3.03,0.67,27.0,0.29,1.1,1.0,0.14,0,B,-2.0
겉절이,생채·무침류,57.5,2.13,3.04,5.4,2.56,2.95,456.75,0.42,5,A,-5.0
게국지,국 및 탕류,38.0,4.08,1.1,2.88,0.98,2.2,368.0,0.18,0,C,-1.0
게맛살튀김,튀김류,213.0,6.1,8.61,26.31,1.57,0.5,440.0,1.41,0,C,0.0
게살죽,죽 및 스프류,71.0,2.24,0.89,13.42,0.02,0.7,182.0,0.26,0,C,0.0
게장,젓갈류,99.5,12.24,2.8,6.27,3.93,0.9,758.5,0.44,0,C,1.0
게조림,조림류,57.0,11.55,0.5,0.9,0.38,0.1,410.0,0.12,0,B,-2.0
겨자채,생채·무침류,124.0,6.35,8.82,4.14,2.48,1.1,323.0,3.39,5,A,-5.0
견과,"두류, 견과 및 종실류",550.0,17.5,37.5,37.5,17.5,1.2,5.0,3.75,0,D,8.0
경단,빵 및 과자류,277.0,4.27,1.17,62.56,20.55,4.6,194.0,0.32,0,B,-3.0
계란 덮밥,밥류,154.0,4.68,4.05,23.76,1.27,0.85,135.0,1.08,0,B,-2.0
계란빵,빵 및 과자류,158.0,5.97,1.93,27.37,1.36,0.9,192.33,0.6,0,B,-3.0
고구마,"곡류, 서류 제품",135.5,2.06,0.18,31.32,17.38,3.3,44.5,0.04,0,B,-2.0
고구마깻잎튀김,튀김류,169.0,2.6,4.0,29.95,4.94,2.0,354.0,0.72,0,C,-1.0
고구마맛탕,튀김류,160.0,0.75,4.0,31.45,11.22,1.5,10.0,0.64,0,C,0.0
고구마밥,밥류,139.0,2.3,0.35,30.45,1.6,1.0,2.0,0.1,0,B,-2.0
고구마전,전·적 및 부침류,227.0,2.92,7.98,35.99,14.26,3.6,87.0,1.19,0,B,-3.0
고구마조림,조림류,167.0,2.5,0.6,38.58,11.04,3.8,842.0,0.12,0,D,4.0
고구마줄기나물,나물·숙채류,39.0,1.2,2.09,3.93,0.39,2.3,158.0,0.2,5,A,-7.0
고구마튀김,튀김류,210.8,2.3,8.25,31.2,6.3,1.92,62.0,1.3,0,B,-3.0
고기만두,면 및 만두류,103.5,6.0,2.03,14.46,0.13,1.25,201.25,0.43,0,B,-3.0
고들빼기김치,김치류,83.33,3.0,1.09,15.32,4.74,4.87,994.67,0.13,5,C,-1.0
고등어구이,구이류,186.0,13.04,11.84,3.9,1.29,0.1,235.0,2.8,0,B,-3.0
고등어조림,조림류,98.38,8.44,4.77,5.08,2.28,1.35,310.69,1.17,0,B,-4.0
고등어찌개,찌개 및 전골류,38.0,3.5,1.69,2.02,0.9,0.5,193.0,0.43,0,C,-1.0
고등어찜,찜류,92.0,8.6,4.88,3.21,1.02,1.4,159.0,1.15,0,A,-6.0
고등어튀김,튀김류,126.0,6.2,9.68,2.29,0.08,0.1,262.0,1.91,0,B,-2.0
고디국(다슬기맑은국),국 및 탕류,17.0,1.4,0.71,1.58,0.23,0.9,96.0,0.07,0,C,-1.0
고사리나물,나물·숙채류,43.0,2.15,3.31,2.82,0.26,2.05,522.0,0.55,5,B,-4.0
고사리나물무침,나물·숙채류,90.0,3.78,5.52,6.28,0.5,5.6,441.0,0.7,5,A,-9.0
고추잡채,볶음류,80.0,5.48,3.96,4.68,1.8,1.5,179.5,0.94,1,A,-5.0
고추장볶음,볶음류,335.67,9.19,18.31,37.12,15.97,3.57,1612.0,4.9,1,D,6.0
고추장아찌,장아찌·절임류,124.0,2.39,0.63,31.49,11.38,4.8,2026.0,0.11,0,D,5.0
고추장아찌 무침,생채·무침류,62.0,1.5,0.9,13.91,4.8,3.1,697.0,0.15,5,B,-2.0
고추장찌개,찌개 및 전골류,52.5,4.22,1.7,5.56,1.32,1.55,182.5,0.44,0,B,-2.0
고추전,전·적 및 부침류,208.5,10.3,13.02,13.52,1.16,4.75,143.0,2.84,0,A,-9.0
고추조림,조림류,40.0,3.1,0.8,6.89,1.12,2.0,412.0,0.1,0,C,0.0
고추튀김,튀김류,203.75,6.02,9.62,22.35,1.17,2.52,261.5,1.8,0,B,-4.0
고춧가루 양념장,"장류, 양념류",140.0,5.9,7.19,14.39,1.95,4.9,1416.0,1.12,0,C,2.0
고춧잎나물,나물·숙채류,71.0,5.35,2.82,9.82,0.42,3.15,289.5,0.48,5,A,-9.0
고춧잎나물무침,나물·숙채류,88.0,4.41,4.69,7.14,1.51,5.4,797.0,0.74,5,A,-5.0
곤드레나물밥,밥류,149.0,2.94,2.71,28.26,0.93,2.9,26.0,0.26,0,B,-4.0
곤드레밥,밥류,116.6,2.18,0.95,24.86,0.16,3.78,30.8,0.18,0,A,-5.0
곤약무침,생채·무침류,83.0,0.7,7.7,3.62,1.12,1.4,119.0,1.15,5,A,-6.0
곤약조림,조림류,37.0,0.95,1.72,6.18,1.78,2.52,285.5,0.27,0,C,0.0
골뱅이무침,생채·무침류,92.33,8.5,1.15,12.39,5.77,1.67,402.78,0.17,5,A,-8.0
곰치국,국 및 탕류,42.0,5.43,1.18,2.39,0.28,1.9,380.0,0.14,0,B,-2.0
곰탕,국 및 탕류,61.0,3.43,1.65,6.03,0.31,0.6,225.0,0.51,0,C,-1.0
곱창구이,구이류,184.0,14.89,11.73,4.71,1.11,2.1,1315.0,4.11,0,D,6.0
곱창볶음,볶음류,182.33,11.38,8.17,16.22,4.51,2.6,444.33,2.62,1,B,-4.0
곱창전골,찌개 및 전골류,81.5,4.87,3.68,6.62,0.92,2.0,308.5,1.04,0,B,-3.0
과ㆍ채주스,음료 및 차류,40.0,0.22,0.04,6.88,6.77,0.7,3.0,0.0,0,C,0.0
과일샐러드,생채·무침류,87.5,0.58,5.37,10.22,7.77,1.65,37.75,0.8,5,A,-6.0
광어 매운탕,찌개 및 전골류,62.5,8.95,1.74,2.77,0.69,1.05,54.5,0.26,0,A,-6.0
국밥,밥류,75.0,3.45,2.28,10.38,0.05,1.1,181.0,0.6,0,B,-2.0
국수,면 및 만두류,59.0,2.2,0.99,10.98,0.94,0.8,326.0,0.2,0,C,1.0
국수전골,찌개 및 전골류,88.0,3.4,1.83,14.56,1.09,1.2,298.0,0.47,0,C,-1.0
군만두,면 및 만두류,219.0,8.5,9.25,25.22,0.44,5.3,237.0,2.67,0,A,-8.0
굴 국밥,밥류,63.0,1.6,0.32,12.79,0.46,0.5,144.0,0.07,0,C,-1.0
굴 두부찌개,찌개 및 전골류,21.0,2.2,0.66,1.48,0.44,0.5,98.0,0.1,0,C,-1.0
굴 미역국,국 및 탕류,16.0,1.9,0.47,1.9,0.12,1.2,382.0,0.09,0,C,1.0
굴국,국 및 탕류,20.0,2.1,0.58,1.46,0.14,0.4,224.75,0.1,0,C,0.0
굴무침,생채·무침류,41.0,3.3,1.23,4.46,1.64,0.9,310.0,0.21,5,A,-6.0
굴밥,밥류,122.0,4.3,1.95,21.44,0.66,1.0,126.0,0.36,0,B,-3.0
굴비구이,구이류,524.0,59.2,29.72,0.6,0.2,0.0,549.0,6.55,0,E,15.0
굴전,전·적 및 부침류,195.0,10.6,10.5,13.98,1.02,0.6,326.0,2.04,0,B,-2.0
굴죽,죽 및 스프류,107.0,2.4,2.99,16.76,0.19,0.5,196.0,0.48,0,C,0.0
굴찜,찜류,142.0,11.3,4.04,15.7,7.17,2.4,923.0,0.61,0,C,2.0
귀리밥,밥류,162.0,3.9,0.87,34.54,0.09,1.6,0.0,0.16,0,B,-3.0
귤차,음료 및 차류,42.5,0.07,0.0,9.46,9.03,0.3,1.0,0.0,0,C,1.0
근대 된장국,국 및 탕류,12.0,0.92,0.31,1.66,0.33,0.9,214.0,0.05,0,C,0.0
근대나물,나물·숙채류,53.0,2.5,2.86,5.44,0.48,2.8,592.0,0.45,5,B,-4.0
기름장,"장류, 양념류",640.0,0.2,69.06,0.92,0.01,0.3,7518.0,10.06,0,E,29.0
기스면,면 및 만두류,61.0,3.78,1.07,8.98,0.05,0.7,276.0,0.21,0,C,0.0
기장밥,밥류,126.25,2.46,0.32,27.38,0.09,0.69,1.5,0.08,0,C,-1.0
기타빵,빵 및 과자류,329.0,6.0,15.9,44.85,12.1,2.3,256.0,6.3,0,C,2.0
기타차,음료 및 차류,35.0,0.0,0.01,8.54,7.56,0.3,2.0,0.0,0,C,0.0
기피편,빵 및 과자류,220.0,5.45,0.25,48.99,2.08,5.1,281.0,0.13,0,A,-6.0
김구이,구이류,470.0,20.4,30.2,29.0,0.2,24.0,4011.0,3.0,0,E,9.0
김국,국 및 탕류,13.5,0.9,0.27,2.31,0.26,0.5,116.5,0.08,0,C,0.0
김말이튀김,튀김류,132.0,1.1,5.42,19.56,0.02,0.6,183.0,0.87,0,C,1.0
김무침,생채·무침류,259.0,21.17,10.73,19.33,5.73,17.5,1011.0,1.53,5,A,-5.0
김밥,밥류,135.43,4.74,3.56,20.8,0.7,1.52,240.17,0.86,0,B,-2.0
김부각,튀김류,415.0,14.9,18.8,55.06,0.81,11.2,342.0,2.86,0,B,-3.0
김치 고기만두,면 및 만두류,294.0,16.2,5.25,42.39,1.44,3.4,552.0,1.26,0,B,-3.0
김치 돼지고기볶음,볶음류,113.0,8.1,6.61,4.26,2.27,2.0,294.0,2.44,1,A,-5.0
김치 된장국,국 및 탕류,15.0,1.1,0.38,1.97,0.71,1.1,239.0,0.06,0,C,0.0
김치 볶음밥,밥류,129.5,3.8,2.74,21.5,1.01,1.7,152.5,0.57,0,B,-3.0
김치 청국장찌개,찌개 및 전골류,29.5,2.6,0.81,3.12,0.74,1.5,194.0,0.16,0,C,-1.0
김치 콩나물국,국 및 탕류,10.25,1.08,0.22,1.27,0.39,0.78,210.75,0.04,0,C,1.0
김치국,국 및 탕류,12.0,0.9,0.41,1.7,0.49,0.9,190.0,0.07,0,C,0.0
김치만두,면 및 만두류,68.5,5.0,1.79,7.48,0.35,1.25,260.5,0.4,0,B,-3.0
김치볶음,볶음류,66.0,4.2,3.34,5.44,2.57,2.7,444.0,0.46,1,B,-3.0
김치순두부,찌개 및 전골류,38.6,4.37,1.53,1.66,0.82,0.81,172.0,0.33,0,B,-2.0
김치전,전·적 및 부침류,124.57,4.21,4.52,15.84,1.8,1.86,306.43,0.81,0,B,-2.0
김치전골,찌개 및 전골류,56.5,3.06,2.62,5.3,0.8,1.45,185.5,0.45,0,C,-1.0
김치찌개,찌개 및 전골류,41.5,3.64,1.67,2.5,0.94,1.4,245.5,0.42,0,B,-2.0
김치찜,찜류,71.86,6.16,3.47,3.83,1.49,1.41,304.0,1.1,0,B,-2.0
김튀김,튀김류,522.0,11.0,28.9,54.36,0.14,12.2,606.0,5.36,0,E,9.0
깍두기,김치류,32.0,1.34,0.51,5.7,2.34,1.75,743.67,0.04,5,C,1.0
깐쇼새우,튀김류,150.0,7.9,6.28,14.7,5.31,0.8,266.0,1.25,0,B,-3.0
깐풍기,튀김류,156.0,16.0,6.22,7.07,0.24,0.4,637.0,1.01,0,C,1.0
깐풍새우,튀김류,240.0,8.15,13.86,20.56,7.2,2.5,531.0,2.04,0,B,-2.0
깨죽,죽 및 스프류,64.0,1.71,1.99,9.91,0.45,1.2,145.0,0.35,0,B,-2.0
깨찰빵,빵 및 과자류,373.0,3.64,12.73,63.64,7.27,2.3,659.5,4.73,0,D,7.0
깻잎김치,김치류,55.2,3.13,1.47,8.5,2.79,3.98,1400.0,0.23,5,C,0.0
깻잎나물,나물·숙채류,47.0,2.7,1.91,6.0,0.65,3.1,335.0,0.32,5,A,-7.0
깻잎나물볶음,나물·숙채류,103.0,3.75,7.2,5.75,0.3,5.2,521.0,0.85,5,A,-8.0
깻잎장아찌,장아찌·절임류,65.0,3.7,0.72,12.9,5.28,3.9,520.0,0.15,0,B,-2.0
깻잎전,전·적 및 부침류,215.0,11.86,10.32,13.31,0.04,1.8,588.0,2.19,0,C,-1.0
깻잎찜,찜류,59.5,3.5,1.84,8.16,1.45,3.35,575.0,0.3,0,C,0.0
깻잎튀김,튀김류,206.67,5.93,11.76,18.41,0.1,2.03,560.0,2.17,0,C,1.0
껍질콩볶음,볶음류,98.0,3.3,5.08,9.35,2.53,1.2,207.0,0.78,1,B,-3.0
꼬리곰탕,국 및 탕류,67.0,3.9,4.11,2.96,0.23,0.2,182.0,1.17,0,C,-1.0
꼬막무침,찜류,107.0,8.34,4.72,7.69,4.28,1.8,516.0,0.64,0,B,-3.0
꼬막찜,찜류,104.5,12.66,2.2,6.36,0.82,2.3,514.5,0.41,0,B,-3.0
꼬치구이,구이류,122.0,23.4,2.29,1.33,0.97,0.1,116.0,0.97,0,A,-5.0
꼬치구치,전·적 및 부침류,94.0,16.43,1.59,3.53,0.26,0.7,259.0,0.17,0,B,-4.0
꽁치구이,구이류,196.0,21.64,10.1,2.18,0.72,0.1,279.0,1.62,0,B,-3.0
꽁치조림,조림류,85.5,9.7,2.62,5.25,2.06,1.35,356.0,0.55,0,B,-4.0
꽁치찌개,찌개 및 전골류,89.0,7.1,5.18,3.46,1.52,2.3,372.0,1.11,0,B,-3.0
꽁치튀김,튀김류,105.0,5.3,7.84,2.4,0.21,0.1,222.0,1.2,0,B,-2.0
꽃게 매운탕,찌개 및 전골류,31.0,5.7,0.27,1.3,0.59,0.2,169.0,0.06,0,B,-3.0
꽃게장,젓갈류,85.67,9.98,1.01,9.44,5.66,3.3,762.33,0.22,0,C,-1.0
꽃게찜,찜류,52.0,5.9,1.33,5.1,0.91,1.8,217.0,0.21,0,B,-4.0
꽃게콩나물찜,찜류,52.0,5.86,1.34,5.1,0.91,1.8,209.0,0.21,0,B,-4.0
꽃게탕,찌개 및 전골류,23.0,2.92,0.4,1.96,0.84,0.73,245.33,0.06,0,C,0.0
꽈리고추 오징어조림,조림류,135.0,14.3,5.67,6.39,3.45,1.1,388.0,0.98,0,B,-3.0
꽈리고추볶음,볶음류,112.0,7.05,4.77,8.75,2.11,1.45,485.0,0.8,1,B,-2.0
꽈리고추조림,조림류,57.0,7.1,1.21,4.7,1.24,1.2,460.0,0.28,0,C,-1.0
꽈리고추찜,찜류,41.0,1.48,0.76,7.51,0.89,1.5,155.0,0.13,0,C,-1.0
꿀떡,빵 및 과자류,228.0,3.74,1.73,49.48,0.29,0.8,275.0,0.3,0,C,0.0
꿩불고기,구이류,74.0,6.7,1.7,7.94,3.38,2.0,253.0,0.38,0,A,-5.0
나박김치,김치류,10.0,0.46,0.38,1.15,0.34,0.8,377.0,0.02,5,B,-2.0
나베,찌개 및 전골류,170.0,5.41,9.52,15.71,3.53,0.8,413.0,1.46,0,C,0.0
나폴리탄 스파게티,면 및 만두류,116.0,3.6,1.38,22.5,3.81,1.6,206.0,0.29,0,B,-2.0
낙지 덮밥,밥류,92.0,4.03,1.25,15.88,2.15,1.2,159.67,0.22,0,B,-3.0
낙지 비빔밥,밥류,88.0,4.3,1.31,14.72,1.25,1.0,176.0,0.24,0,B,-3.0
낙지 삼겹살 볶음,볶음류,151.0,9.1,10.55,3.73,1.88,0.6,341.0,4.07,1,C,-1.0
낙지무침,생채·무침류,59.0,9.6,0.37,4.5,1.53,1.3,452.0,0.05,5,A,-7.0
낙지볶음,볶음류,91.0,6.9,2.54,8.21,4.45,1.6,537.0,0.38,1,B,-2.0
낙지전골,찌개 및 전골류,51.0,5.47,1.14,3.72,0.96,1.5,484.0,0.33,0,C,0.0
낙지찜,찜류,74.0,5.47,4.31,3.81,0.89,1.2,217.0,0.67,0,B,-3.0
낙지탕,국 및 탕류,31.0,4.9,0.53,1.73,0.32,0.6,284.0,0.07,0,C,-1.0
낙지탕(맑은탕),국 및 탕류,16.0,3.0,0.16,0.8,0.26,0.3,142.0,0.02,0,C,-1.0
난자완스,튀김류,188.33,8.84,12.38,10.03,0.66,1.27,355.0,4.0,0,C,-1.0
내장전골,찌개 및 전골류,58.0,5.41,2.88,2.89,0.72,1.1,128.0,0.84,0,B,-4.0
내장탕,국 및 탕류,52.0,4.01,3.25,1.64,0.26,1.3,256.5,1.13,0,B,-2.0
냉국,국 및 탕류,21.5,0.28,0.41,4.18,2.59,0.55,237.5,0.01,0,C,1.0
냉면,면 및 만두류,96.0,3.43,0.72,13.35,3.39,1.2,197.0,0.21,0,B,-2.0
냉이 된장국,국 및 탕류,16.5,1.52,0.42,2.0,0.47,1.02,210.0,0.07,0,C,0.0
냉이나물,나물·숙채류,72.0,3.71,1.96,10.57,5.82,4.45,450.0,0.31,5,A,-7.0
냉이초나물,나물·숙채류,77.0,4.2,2.47,12.32,2.92,4.7,261.0,0.41,5,A,-11.0
냉채,생채·무침류,75.5,8.6,1.44,6.96,6.2,1.7,245.0,0.35,5,A,-10.0
넙치(광어)회덮밥,밥류,77.0,4.27,1.06,12.64,1.92,0.8,85.0,0.16,0,B,-2.0
넙치구이,구이류,116.0,13.6,6.33,0.03,0.01,0.0,615.0,0.91,0,C,0.0
노각무침,생채·무침류,56.0,1.73,1.2,9.53,4.58,2.3,545.0,0.13,5,B,-3.0
녹두빈대떡,전·적 및 부침류,175.5,9.2,5.66,21.16,1.47,2.45,293.0,1.08,0,A,-5.0
녹두전,전·적 및 부침류,92.0,5.0,4.22,8.41,0.18,3.23,22.67,0.73,0,A,-6.0
누룽지,밥류,78.0,1.41,0.08,17.12,0.7,0.75,7.0,0.03,0,C,0.0
느타리버섯 구이,구이류,60.0,2.1,4.44,5.75,1.53,3.0,372.0,0.67,0,C,-1.0
느타리버섯볶음,볶음류,46.0,1.62,3.1,4.15,1.34,1.9,198.0,0.42,1,B,-3.0
느타리버섯튀김,튀김류,212.0,5.93,12.72,17.95,0.31,1.23,556.67,2.31,0,C,2.0
다슬기 된장국,국 및 탕류,22.67,2.1,0.68,2.56,0.42,1.2,130.67,0.08,0,B,-2.0
다시마무침,생채·무침류,57.25,2.97,2.82,6.94,0.72,4.07,1069.75,0.46,5,C,0.0
다시마조림,조림류,60.5,3.1,3.37,6.99,0.96,3.4,509.5,0.52,0,C,0.0
다시마튀각,튀김류,246.0,1.4,23.61,20.02,11.82,6.8,589.0,3.48,0,C,3.0
다식,빵 및 과자류,369.0,8.3,4.48,73.97,26.65,8.8,13.0,0.89,0,B,-4.0
다쿠아즈,빵 및 과자류,447.0,8.33,26.65,43.39,38.13,3.0,51.0,12.93,0,E,15.0
단무지,장아찌·절임류,13.0,0.33,0.2,2.4,0.47,1.3,552.0,0.03,0,D,4.0
단무지무침,생채·무침류,32.8,0.83,1.38,4.47,1.46,2.72,599.2,0.21,5,B,-3.0
단호박 샐러드,생채·무침류,125.0,1.2,9.28,10.27,3.45,2.4,84.0,1.36,5,A,-7.0
단호박조림,조림류,80.33,2.5,1.06,17.25,4.99,5.1,922.0,0.19,0,C,3.0
단호박찜,찜류,41.0,0.93,0.16,10.04,3.63,2.0,2.0,0.03,0,B,-2.0
달걀,수·조·어·육류,150.0,12.8,10.65,0.63,0.32,0.0,127.0,3.02,0,B,-3.0
달걀 샐러드,생채·무침류,139.67,5.63,10.38,5.71,0.75,0.7,189.67,2.11,5,A,-6.0
달걀국,국 및 탕류,19.0,1.6,0.94,0.94,0.19,0.2,205.0,0.32,0,C,0.0
달걀말이,전·적 및 부침류,169.0,10.66,12.41,2.3,0.52,0.3,328.0,2.99,0,B,-2.0
달걀부침(달걀후라이),전·적 및 부침류,184.0,11.04,13.46,3.07,0.18,0.0,306.0,3.29,0,C,-1.0
달걀조림,조림류,90.25,7.4,4.02,5.35,2.4,0.1,505.75,1.32,0,C,0.0
달걀찜,찜류,75.0,6.5,4.32,1.66,0.62,0.2,329.0,1.33,0,B,-2.0
달걀탕,국 및 탕류,29.0,1.78,2.04,0.94,0.19,0.8,101.0,0.37,0,C,-1.0
달걀튀김,튀김류,256.0,10.2,16.26,14.74,0.58,0.7,121.0,3.31,0,B,-3.0
달걀후라이,전·적 및 부침류,181.0,11.0,13.1,3.06,0.2,0.0,262.0,3.24,0,B,-2.0
달래 된장국,국 및 탕류,38.5,3.0,1.85,2.56,0.8,1.2,188.0,0.46,0,C,-1.0
달래무침,생채·무침류,65.0,2.38,2.51,9.04,3.96,2.82,482.0,0.37,5,A,-5.0
닭가슴살 샐러드,생채·무침류,42.67,4.07,1.89,2.29,1.18,0.73,62.33,0.39,5,A,-7.0
닭강정,튀김류,182.5,15.7,5.26,16.72,3.86,0.2,264.5,0.87,0,B,-4.0
닭고기 덮밥,밥류,97.5,5.2,0.63,16.85,0.81,0.57,105.75,0.16,0,B,-3.0
닭고기 미역국,국 및 탕류,21.0,3.2,0.74,0.71,0.01,0.5,191.0,0.18,0,C,-1.0
닭고기 샐러드,생채·무침류,95.0,7.33,5.98,2.94,0.77,0.77,382.33,0.9,5,A,-6.0
닭고기 탕수,튀김류,95.0,7.4,3.15,8.8,2.66,0.4,60.0,0.64,0,B,-4.0
닭고기냉채,생채·무침류,69.67,10.4,0.89,5.51,3.1,1.53,20.0,0.21,5,A,-11.0
닭고기육개장,국 및 탕류,35.25,3.8,1.49,1.82,0.41,0.75,132.5,0.38,0,B,-2.0
닭곰탕,국 및 탕류,51.2,5.59,1.88,2.76,0.31,0.42,170.4,0.47,0,B,-3.0
닭구이,구이류,110.0,11.19,3.77,3.31,1.22,0.2,277.0,1.05,0,B,-3.0
닭꼬치구이,구이류,181.0,32.1,2.58,5.55,3.8,0.1,122.0,0.41,0,A,-5.0
닭날개구이,구이류,171.5,16.39,9.76,3.07,1.42,0.15,212.75,2.83,0,B,-3.0
닭다리구이,구이류,149.5,14.31,9.21,1.4,0.46,0.05,189.0,2.8,0,B,-3.0
닭다리조림,조림류,180.5,14.0,8.86,9.16,3.22,1.65,154.5,2.66,0,A,-5.0
닭다리튀김,튀김류,323.0,18.86,19.6,17.88,3.71,2.1,410.0,4.78,0,C,-1.0
닭도리탕,조림류,97.0,8.0,4.08,7.16,2.18,1.2,221.5,1.09,0,A,-5.0
닭모래집볶음,볶음류,124.0,18.15,4.04,3.32,2.04,0.85,261.5,0.86,1,A,-5.0
닭모래집튀김,튀김류,312.0,18.73,17.73,19.4,1.2,1.3,215.0,2.73,0,B,-4.0
닭발구이,구이류,215.5,17.58,9.41,13.35,3.16,3.0,728.5,2.34,0,C,0.0
닭발볶음,볶음류,186.0,13.8,9.38,11.72,6.37,2.6,974.0,2.2,1,C,2.0
닭백숙,국 및 탕류,79.0,7.16,1.4,8.64,0.36,0.25,284.0,0.34,0,B,-2.0
닭볶음,볶음류,137.0,14.7,3.01,12.63,3.65,1.5,270.0,0.48,1,A,-5.0
닭볶음(닭갈비),볶음류,151.57,12.49,5.62,12.71,3.99,1.69,350.79,1.54,1,A,-5.0
닭볶음탕,조림류,109.0,9.28,3.72,9.57,2.36,1.45,367.5,1.14,0,B,-3.0
닭조림,조림류,119.0,10.48,5.17,7.43,2.18,1.0,220.0,1.38,0,A,-5.0
닭죽,죽 및 스프류,111.5,6.24,2.25,15.44,0.8,0.8,155.0,0.6,0,B,-3.0
닭찜,찜류,110.58,9.42,4.22,8.46,2.47,1.01,250.17,1.04,0,A,-5.0
닭튀김,튀김류,250.0,20.88,11.67,12.47,2.84,0.7,386.5,2.6,0,C,-1.0
닭튀김 샐러드,생채·무침류,79.0,3.8,5.3,3.98,1.0,0.8,102.0,0.91,5,A,-7.0
당근볶음,볶음류,95.0,0.93,6.63,7.79,4.5,3.0,216.0,1.1,1,B,-3.0
대구 매운탕,찌개 및 전골류,43.4,7.08,0.65,2.52,0.84,1.06,293.8,0.1,0,B,-3.0
대구볼찜,찜류,45.0,4.23,1.23,5.37,1.09,1.8,143.0,0.21,0,B,-4.0
대구지리,찌개 및 전골류,19.0,3.4,0.26,1.04,0.14,0.6,179.0,0.04,0,B,-2.0
대구찜,찜류,63.0,8.98,1.31,3.86,1.06,1.5,240.0,0.19,0,A,-5.0
대구탕,찌개 및 전골류,45.0,4.7,0.89,5.03,1.34,1.1,285.0,0.16,0,C,-1.0
대구튀김,튀김류,285.0,27.0,12.5,13.28,0.02,0.4,1367.0,2.1,0,D,6.0
대구포,수·조·어·육류,141.0,31.97,0.4,2.33,1.18,1.2,3876.0,0.17,0,D,4.0
대창구이,구이류,595.0,9.11,60.25,4.05,1.13,0.3,126.0,25.6,0,E,15.0
대합 미역국,국 및 탕류,7.0,0.75,0.23,0.62,0.04,0.2,99.5,0.03,0,C,0.0
대합죽,죽 및 스프류,121.0,2.85,3.19,19.18,0.14,0.4,211.0,0.49,0,C,0.0
더덕구이,구이류,151.0,2.89,3.56,28.33,9.87,7.0,543.67,0.53,0,C,0.0
더덕무침,생채·무침류,107.75,2.19,2.01,21.23,7.72,5.55,772.75,0.3,5,B,-4.0
더덕장아찌,장아찌·절임류,129.5,3.24,2.98,23.2,10.1,5.65,2699.5,0.5,0,D,4.0
덮밥,밥류,135.5,6.3,3.34,18.73,0.63,2.1,241.5,0.73,0,B,-4.0
도가니탕,국 및 탕류,40.0,8.35,0.33,0.82,0.16,1.3,150.0,0.13,0,A,-6.0
도넛,빵 및 과자류,399.31,5.8,18.69,52.25,15.77,2.67,382.94,7.01,0,E,9.0
도다리구이,구이류,153.0,23.7,5.5,0.71,0.23,0.0,1039.0,0.84,0,D,5.0
도라지나물,나물·숙채류,39.0,0.75,2.09,5.06,0.45,1.6,333.0,0.31,5,B,-4.0
도라지나물무침,나물·숙채류,130.0,2.48,7.52,13.12,0.9,4.9,411.0,1.0,5,A,-8.0
도라지생채,생채·무침류,77.5,2.0,0.87,13.49,5.16,2.65,371.5,0.16,5,A,-5.0
도라지튀김,튀김류,170.0,5.45,8.24,17.98,1.01,2.95,466.0,1.58,0,B,-2.0
도루묵조림,조림류,102.0,11.25,3.08,5.62,1.62,0.8,255.0,0.66,0,B,-4.0
도루묵찌개,찌개 및 전골류,63.0,6.8,2.31,4.04,1.3,1.4,62.0,0.45,0,A,-5.0
도미 매운탕,찌개 및 전골류,47.0,5.9,1.13,3.37,1.08,1.0,351.0,0.23,0,B,-2.0
도미찜,찜류,52.0,7.9,0.91,3.22,0.92,1.3,85.0,0.15,0,A,-5.0
도미튀김,튀김류,301.0,25.9,12.22,18.9,0.02,0.7,1720.0,2.3,0,D,6.0
도토리묵무침,생채·무침류,57.71,0.91,0.93,11.71,0.81,1.97,236.71,0.14,5,A,-6.0
돈가스,튀김류,280.0,13.85,17.97,15.89,1.43,0.5,287.0,3.75,0,C,-1.0
돌나물,생채·무침류,36.67,0.92,0.78,7.46,3.6,1.17,191.0,0.13,5,A,-5.0
돌나물무침,생채·무침류,42.5,1.3,0.78,8.5,4.35,1.25,188.5,0.13,5,A,-5.0
돌솥 비빔밥,밥류,96.0,3.2,1.88,16.3,1.11,1.13,100.67,0.44,0,B,-3.0
동치미,김치류,12.5,0.39,0.22,2.18,1.32,0.9,442.0,0.01,5,B,-3.0
동태 매운탕,찌개 및 전골류,25.0,3.3,0.5,1.98,0.54,0.8,184.0,0.08,0,C,-1.0
동태국,국 및 탕류,21.0,3.4,0.18,1.4,0.39,0.8,224.0,0.02,0,C,-1.0
동태까스,튀김류,273.0,11.6,15.64,19.42,2.61,1.3,385.0,2.52,0,B,-2.0
동태양념구이,구이류,130.0,21.7,3.56,1.59,0.29,0.6,641.0,0.47,0,C,1.0
동태전,전·적 및 부침류,195.0,16.48,11.63,6.11,0.03,0.2,387.0,1.6,0,B,-2.0
동태조림,조림류,110.0,16.32,1.88,4.86,1.86,1.7,557.0,0.33,0,C,-1.0
동태찌개,찌개 및 전골류,25.0,3.25,0.51,2.61,0.99,0.9,207.0,0.08,0,B,-2.0
동태찜,찜류,64.5,8.89,1.48,3.96,1.0,1.5,301.5,0.23,0,B,-4.0
동태튀김,튀김류,146.5,10.7,7.18,8.3,0.02,0.3,819.0,1.16,0,C,3.0
동파육,찜류,191.0,8.99,15.41,4.15,0.74,1.6,299.0,4.4,0,C,-1.0
돼지갈비강정,튀김류,313.0,19.4,15.7,20.55,3.82,0.75,520.5,4.64,0,C,2.0
돼지갈비구이,구이류,173.5,12.36,9.39,6.65,3.15,0.24,247.75,3.31,0,B,-2.0
돼지갈비전골,찌개 및 전골류,227.0,16.6,15.14,5.07,3.24,0.6,332.0,3.99,0,C,-1.0
돼지갈비찜,찜류,137.93,10.1,7.45,7.19,2.48,0.9,267.47,2.09,0,B,-4.0
돼지고기,찜류,164.0,21.2,4.44,1.56,0.05,0.0,85.0,1.83,0,A,-5.0
돼지고기 꼬치구이,구이류,176.33,27.17,5.49,2.8,1.73,0.3,118.0,1.88,0,A,-5.0
돼지고기 덮밥,밥류,166.5,7.96,2.92,26.04,1.97,1.25,142.0,0.91,0,A,-5.0
돼지고기 스테이크,구이류,147.0,17.72,4.6,7.28,3.28,1.85,487.25,1.37,0,B,-3.0
돼지고기 장조림,조림류,139.33,15.25,5.34,6.35,2.2,0.38,728.67,1.88,0,C,2.0
돼지고기 피망잡채,볶음류,93.0,9.6,3.72,5.1,2.08,0.9,267.0,1.02,1,A,-6.0
돼지고기강정,튀김류,175.0,14.68,8.61,8.32,1.92,0.1,504.5,1.87,0,C,-1.0
돼지고기볶음,볶음류,127.62,11.0,6.04,7.12,3.52,1.4,293.31,1.84,1,A,-5.0
돼지고기볶음(제육볶음),볶음류,195.0,12.15,14.19,4.73,0.38,3.6,501.0,4.18,1,B,-3.0
돼지고기찌개,찌개 및 전골류,56.0,4.21,3.14,2.85,0.66,0.75,204.5,1.17,0,C,-1.0
돼지고기찜,찜류,109.0,10.82,3.25,8.89,2.09,0.7,220.0,1.13,0,B,-4.0
돼지고기튀김,튀김류,222.0,20.9,11.67,6.24,0.02,0.2,513.0,2.72,0,C,0.0
돼지껍데기구이,구이류,348.0,23.74,26.64,3.37,3.42,0.0,475.0,9.08,0,D,7.0
돼지등갈비찜,찜류,214.0,16.02,10.93,12.76,5.36,1.8,532.0,3.58,0,C,-1.0
돼지등심 장조림,조림류,114.0,15.7,2.66,5.0,3.29,0.1,412.0,0.96,0,B,-2.0
돼지머리국밥,밥류,70.0,2.15,1.32,11.79,0.32,0.45,121.5,0.5,0,C,-1.0
돼지불고기,구이류,86.0,8.88,3.75,5.65,2.67,0.8,218.0,1.27,0,B,-4.0
돼지사태찜,찜류,102.0,9.52,3.19,8.5,2.98,1.15,238.25,1.14,0,A,-5.0
된장국,국 및 탕류,17.0,1.33,0.47,2.03,0.44,1.0,242.0,0.07,0,C,0.0
된장찌개,찌개 및 전골류,41.0,3.4,1.22,4.32,0.87,1.6,351.0,0.21,0,C,-1.0
두릅무침,생채·무침류,70.5,2.78,2.8,9.74,4.19,2.8,840.5,0.42,5,C,-1.0
두부 달걀찜,찜류,88.0,7.4,4.91,3.21,0.54,1.87,170.67,1.0,0,A,-6.0
두부 달걀탕,국 및 탕류,39.67,4.03,1.82,1.68,0.3,0.93,138.67,0.42,0,B,-3.0
두부 된장국,국 및 탕류,24.86,2.14,1.03,1.84,0.42,0.91,211.0,0.16,0,C,-1.0
두부 명란찌개,찌개 및 전골류,33.0,3.5,1.07,2.72,0.66,1.0,238.0,0.16,0,B,-2.0
두부 애호박찌개,찌개 및 전골류,27.0,2.0,0.62,3.6,0.88,1.0,61.0,0.11,0,B,-2.0
두부 청국장찌개,찌개 및 전골류,38.0,3.52,1.04,3.74,0.74,1.68,240.33,0.21,0,B,-2.0
두부 탕수,튀김류,119.67,4.4,4.66,14.76,3.22,1.77,323.67,0.7,0,C,-1.0
두부국,국 및 탕류,25.0,2.15,1.24,1.25,0.26,0.6,199.5,0.26,0,C,0.0
두부김치,볶음류,96.2,6.79,5.49,4.7,1.0,3.26,346.4,0.95,1,A,-6.0
두부냉채,생채·무침류,83.0,8.5,3.55,4.46,1.27,1.7,298.0,0.83,5,A,-9.0
두부볶음,볶음류,197.0,12.4,10.52,13.12,3.68,2.9,246.0,1.77,1,A,-8.0
두부부침,전·적 및 부침류,149.5,12.46,9.66,4.56,0.34,3.55,328.0,1.48,0,A,-6.0
두부전,전·적 및 부침류,158.8,10.71,9.72,6.24,0.02,2.64,218.2,1.51,0,A,-6.0
두부전골,찌개 및 전골류,52.0,4.46,2.49,3.14,0.57,1.55,219.5,0.37,0,B,-2.0
두부조림,조림류,149.71,11.71,7.77,7.99,2.21,3.26,393.71,1.23,0,A,-5.0
두부찌개,찌개 및 전골류,48.5,4.28,1.52,3.18,0.64,1.2,204.0,0.28,0,B,-2.0
두부튀김,튀김류,125.0,6.55,6.34,9.91,0.87,1.85,270.0,1.04,0,B,-4.0
두유 카페라떼,음료 및 차류,37.0,1.4,1.76,3.96,3.0,0.3,32.5,0.32,0,C,0.0
들깨국,국 및 탕류,14.67,0.63,0.76,1.59,0.4,0.63,145.0,0.07,0,C,0.0
들깨죽,죽 및 스프류,153.5,3.75,5.86,21.32,0.26,2.5,630.5,0.62,0,C,2.0
들깻잎장아찌,장아찌·절임류,124.0,4.03,0.42,26.0,16.41,4.4,1809.0,0.06,0,D,6.0
등심돈가스,튀김류,179.33,13.97,6.49,14.34,1.41,0.7,311.0,1.61,0,B,-3.0
딸기넥타,음료 및 차류,31.0,0.4,0.09,7.96,6.39,0.7,6.0,0.01,0,C,0.0
딸기바나나 스무디,음료 및 차류,54.0,1.1,0.68,11.75,9.34,0.9,11.0,0.4,0,C,0.0
땅콩조림,조림류,319.25,13.66,23.35,16.95,5.91,6.68,386.75,4.11,0,B,-4.0
땅콩죽,죽 및 스프류,136.33,3.73,3.33,22.61,0.44,1.1,165.0,0.64,0,B,-3.0
떡갈비,구이류,202.0,21.38,11.82,2.46,0.4,1.1,404.0,4.29,0,C,0.0
떡강정,튀김류,227.83,4.75,5.15,38.33,3.61,0.98,369.0,1.3,0,C,0.0
떡국,면 및 만두류,85.33,2.9,1.08,16.3,0.15,0.56,223.47,0.33,0,C,0.0
떡만두국,면 및 만두류,79.18,2.82,1.74,13.13,0.19,1.14,195.64,0.51,0,C,-1.0
떡볶이,볶음류,144.5,3.58,1.83,26.2,4.21,1.0,345.0,0.5,1,B,-2.0
떡산적,전·적 및 부침류,181.25,8.25,7.1,21.23,2.97,1.75,422.25,1.76,0,B,-3.0
또띠아,빵 및 과자류,244.33,12.1,9.04,28.91,4.24,2.3,508.0,3.25,0,C,-1.0
라떼,음료 및 차류,65.0,1.57,2.6,9.56,7.29,0.3,30.5,1.35,0,C,0.0
라멘,면 및 만두류,86.8,4.17,3.75,9.05,0.96,1.12,380.8,0.76,0,C,0.0
라면,면 및 만두류,95.5,2.6,3.22,13.82,0.08,0.95,274.0,1.36,0,C,0.0
라볶이,볶음류,118.33,2.24,3.75,18.83,1.25,1.33,196.67,1.35,1,B,-2.0
라조기,튀김류,187.0,10.33,5.7,13.12,1.4,1.4,281.0,0.96,0,B,-4.0
런천미트구이,구이류,303.0,21.6,19.1,11.08,1.3,0.0,1087.0,5.58,0,E,9.0
레몬차,음료 및 차류,41.0,0.05,0.0,10.14,8.59,0.3,7.0,0.0,0,C,0.0
레몬청차,음료 및 차류,60.0,0.13,0.01,14.8,16.33,0.9,3.0,0.0,0,C,1.0
롤빵,빵 및 과자류,369.0,6.22,20.92,39.18,16.01,2.3,280.0,5.56,0,D,5.0
리소토/리조또,밥류,181.5,3.23,11.03,17.24,2.96,0.75,276.0,6.24,0,D,5.0
마늘빵,빵 및 과자류,368.5,7.37,13.56,51.68,13.46,4.3,429.75,5.43,0,C,1.0
마늘장아찌,장아찌·절임류,113.0,2.43,0.16,25.36,15.03,2.9,1127.0,0.04,0,D,8.0
마늘장아찌무침,생채·무침류,99.0,1.88,0.7,21.85,11.66,2.4,805.0,0.12,5,C,0.0
마늘쫑무침,생채·무침류,71.5,2.35,1.17,13.66,6.9,3.9,297.0,0.22,5,A,-8.0
마늘쫑볶음,볶음류,73.0,3.5,2.78,6.25,2.25,1.8,428.0,0.42,1,B,-2.0
마늘쫑장아찌,장아찌·절임류,110.0,2.0,1.0,21.0,11.2,5.0,1415.0,0.04,0,D,5.0
마늘쫑장아찌무침,생채·무침류,79.0,1.3,0.58,17.73,8.32,2.9,706.0,0.1,5,B,-2.0
마늘쫑조림,조림류,138.5,4.8,5.82,20.26,6.64,4.35,658.0,0.91,0,C,-1.0
마라탕,찌개 및 전골류,77.0,4.28,4.21,5.41,1.09,2.35,391.5,0.77,0,C,-1.0
마카로니 샐러드,생채·무침류,128.75,2.8,7.42,12.36,2.26,1.18,155.0,1.2,5,A,-7.0
마카롱,빵 및 과자류,463.4,6.78,23.35,53.43,41.21,2.4,77.2,10.48,0,E,18.0
마테차,음료 및 차류,2.0,0.06,0.04,0.28,0.11,0.3,0.0,0.0,0,C,0.0
마파두부,볶음류,134.67,8.12,8.01,7.4,2.08,2.43,309.33,1.35,1,A,-6.0
막국수,면 및 만두류,83.0,3.4,0.71,15.71,1.74,1.4,363.0,0.2,0,C,0.0
막창구이,구이류,358.0,15.34,32.73,0.4,1.36,0.2,162.0,12.11,0,D,6.0
만두,면 및 만두류,191.0,8.76,6.58,20.61,0.58,3.3,358.5,2.39,0,A,-5.0
만두국,면 및 만두류,62.22,3.21,2.34,7.11,0.34,1.87,219.0,0.82,0,B,-3.0
만두전골,찌개 및 전골류,66.0,3.14,2.15,8.45,1.14,1.4,319.0,0.55,0,C,0.0
만두탕수,면 및 만두류,89.0,2.92,3.61,11.2,1.7,1.9,163.5,0.96,0,B,-3.0
맛살전,전·적 및 부침류,217.2,9.9,7.0,27.66,3.2,0.7,904.4,1.27,0,D,4.0
망둥어찌개,찌개 및 전골류,44.0,5.9,0.85,3.4,1.08,1.0,483.0,0.13,0,C,0.0
망둥어찜,찜류,52.0,8.5,0.7,2.96,0.68,1.2,202.0,0.12,0,A,-5.0
매생이국,국 및 탕류,24.0,2.0,0.56,2.68,0.08,1.9,284.0,0.12,0,C,-1.0
매실장아찌,장아찌·절임류,154.0,1.46,1.1,34.57,23.02,3.65,2427.0,0.06,0,E,10.0
매운 어묵볶음,볶음류,90.0,5.1,2.93,11.02,2.38,0.5,397.0,0.5,1,C,-1.0
매운탕,찌개 및 전골류,39.5,4.81,1.24,2.42,0.5,1.0,281.5,0.17,0,B,-2.0
매작과,빵 및 과자류,413.0,7.51,13.15,66.11,16.42,2.8,99.0,2.35,0,C,0.0
머위나물,나물·숙채류,28.67,1.97,1.44,2.85,0.26,1.97,545.33,0.21,5,B,-3.0
머위나물무침,나물·숙채류,85.0,1.62,7.66,2.49,0.44,2.0,452.0,0.82,5,B,-4.0
머위나물볶음,볶음류,72.0,2.33,4.67,5.07,1.2,3.5,479.0,0.53,1,C,-1.0
머위대나물무침,나물·숙채류,58.0,3.96,2.56,4.76,0.34,1.5,363.0,0.32,5,A,-5.0
머핀,빵 및 과자류,472.31,6.55,24.28,55.07,32.55,1.1,385.06,8.93,0,E,19.0
메기 매운탕,찌개 및 전골류,59.0,4.0,1.46,7.39,0.69,1.0,264.0,0.42,0,B,-2.0
메기찜,찜류,71.0,7.3,2.33,5.37,0.77,1.4,150.0,0.6,0,A,-5.0
메밀국수,면 및 만두류,63.0,3.14,0.29,12.06,1.03,0.8,194.0,0.12,0,C,0.0
메밀묵 무침,생채·무침류,65.0,1.6,1.27,12.05,1.46,1.8,249.0,0.21,5,A,-7.0
메밀묵국,국 및 탕류,63.0,1.55,1.25,11.64,1.41,1.75,240.0,0.2,0,C,0.0
메밀소바,면 및 만두류,116.0,4.08,2.27,19.7,2.25,1.0,282.0,0.52,0,C,-1.0
메밀전,전·적 및 부침류,161.0,4.02,0.64,34.79,0.3,3.0,145.0,0.26,0,A,-5.0
메추리알 돼지고기장조림,조림류,127.25,12.85,5.78,4.86,1.54,0.28,348.0,1.99,0,B,-3.0
메추리알 어묵조림,조림류,179.67,10.63,7.25,17.62,8.23,0.67,917.0,1.81,0,D,4.0
메추리알장조림,조림류,137.5,10.12,6.33,8.1,2.2,0.4,813.0,2.02,0,D,4.0
멕시컨샐러드,생채·무침류,102.33,4.7,7.31,4.78,2.77,0.97,308.33,1.72,5,A,-6.0
멘보샤,튀김류,258.5,9.41,21.6,17.96,1.35,2.1,715.5,4.04,0,C,2.0
멸치 미역국,국 및 탕류,9.0,1.1,0.38,0.71,0.14,0.4,375.0,0.07,0,C,3.0
멸치볶음,볶음류,172.0,14.9,10.4,7.46,2.31,1.1,769.0,1.36,1,C,0.0
멸치볶음(멸치만),볶음류,114.0,14.9,3.41,5.15,1.72,0.2,770.0,0.62,1,C,1.0
멸치젓,젓갈류,90.0,11.4,1.6,7.4,0.6,2.6,6667.0,0.8,0,C,3.0
멸치조림,조림류,150.0,15.0,6.69,6.5,3.2,0.1,1121.0,1.2,0,D,5.0
명란젓,젓갈류,147.0,17.96,6.54,3.98,1.56,1.1,2044.0,0.72,0,D,4.0
명란찌개,찌개 및 전골류,27.0,3.1,0.58,2.74,0.84,0.7,367.0,0.08,0,C,2.0
명란찜,찜류,61.0,7.1,2.24,3.1,1.28,0.6,1130.0,0.41,0,D,6.0
명태 매운탕,찌개 및 전골류,49.0,7.1,1.03,3.15,0.79,1.5,58.0,0.16,0,A,-5.0
모닝빵,빵 및 과자류,378.2,8.56,15.51,51.35,13.39,2.4,334.8,7.78,0,D,4.0
모듬 김밥,밥류,113.0,4.2,2.75,17.49,0.7,1.3,184.0,0.69,0,B,-2.0
모듬 초밥,밥류,188.5,9.9,3.04,28.78,2.38,0.55,369.5,0.88,0,B,-2.0
모듬 콩조림,조림류,181.0,11.1,9.11,15.38,3.85,5.5,321.0,1.55,0,A,-8.0
모듬배추나물,나물·숙채류,32.0,1.7,1.27,4.0,1.36,2.15,296.0,0.2,5,A,-6.0
모듬버섯볶음,볶음류,69.0,3.0,4.56,6.82,2.0,2.6,430.0,0.75,1,C,-1.0
모듬찰떡,빵 및 과자류,225.5,6.54,3.28,42.43,3.05,4.05,195.5,0.46,0,A,-7.0
모듬채소전,전·적 및 부침류,154.0,3.4,5.65,21.32,1.21,1.6,173.0,0.91,0,B,-3.0
모듬채소전골,찌개 및 전골류,20.0,1.8,0.6,2.1,0.61,0.9,145.0,0.14,0,B,-2.0
모듬회,수·조·어·육류,133.0,22.5,2.31,5.15,2.44,0.3,493.0,0.44,0,C,-1.0
모밀국수,면 및 만두류,123.0,4.53,0.42,24.91,1.85,1.62,359.0,0.12,0,C,-1.0
모싯잎송편,빵 및 과자류,190.0,5.65,0.66,40.29,2.65,4.03,262.0,0.24,0,A,-6.0
모카빵,빵 및 과자류,339.0,8.55,8.05,57.96,12.53,3.6,354.0,3.76,0,B,-4.0
몸국,국 및 탕류,22.0,2.9,0.65,1.54,0.4,1.0,119.0,0.21,0,B,-2.0
무 된장국,국 및 탕류,17.5,1.45,0.4,2.1,0.7,0.77,238.25,0.08,0,C,1.0
무 북어국,국 및 탕류,24.75,3.68,0.65,1.02,0.36,0.3,162.0,0.16,0,B,-2.0
무 어묵조림,조림류,110.5,6.3,3.06,14.75,4.28,0.7,622.5,0.54,0,C,2.0
무 파래무침,생채·무침류,23.0,1.1,0.38,4.86,2.62,1.2,221.0,0.07,5,A,-5.0
무국,국 및 탕류,24.0,1.9,1.0,1.63,0.44,0.4,177.0,0.09,0,C,-1.0
무국물,국 및 탕류,3.0,0.16,0.0,0.55,0.36,0.0,2.0,0.0,0,C,0.0
무나물,나물·숙채류,29.75,0.6,1.66,3.3,1.27,0.88,408.0,0.24,5,B,-2.0
무나물무침,나물·숙채류,21.0,0.62,0.46,3.64,3.3,1.6,352.0,0.04,5,B,-4.0
무말랭이무침,생채·무침류,124.0,3.3,1.2,21.13,6.5,6.4,317.0,0.21,5,A,-10.0
무말랭이장아찌,장아찌·절임류,117.0,4.1,3.23,18.34,6.61,6.8,1287.0,0.51,0,C,3.0
무밥,밥류,177.0,3.7,1.06,36.68,0.79,1.3,198.0,0.21,0,B,-2.0
무생채,생채·무침류,40.67,1.62,0.84,7.32,3.82,2.09,494.47,0.13,5,B,-4.0
무생채(무만),생채·무침류,30.0,1.03,0.56,5.77,2.57,1.8,249.0,0.09,5,A,-6.0
무숙장아찌,장아찌·절임류,93.0,3.7,6.44,4.78,2.36,1.0,1391.0,2.07,0,D,8.0
무장아찌,장아찌·절임류,98.0,1.98,3.36,15.5,8.53,2.4,1646.0,0.48,0,D,7.0
무조림,조림류,47.6,2.45,1.06,7.76,2.87,2.1,1023.8,0.17,0,D,7.0
무지개떡,빵 및 과자류,229.0,3.53,0.31,53.01,8.99,0.2,277.0,0.16,0,C,0.0
무짠지,장아찌·절임류,11.0,0.54,0.12,1.98,1.58,2.6,2382.0,0.02,0,D,8.0
무청나물,나물·숙채류,80.0,2.8,5.44,6.04,0.32,3.2,367.0,0.81,5,A,-6.0
무초절임(치킨무),장아찌·절임류,17.0,0.52,0.3,3.05,1.75,1.5,189.0,0.02,0,C,0.0
묵국,국 및 탕류,22.0,1.0,0.4,3.57,0.28,0.8,238.0,0.03,0,C,1.0
묵말이,국 및 탕류,36.0,0.52,0.65,6.9,0.48,1.1,247.0,0.09,0,C,0.0
묵무침,생채·무침류,60.0,0.93,2.08,10.38,0.72,1.6,290.0,0.32,5,B,-4.0
묵밥,밥류,69.25,2.34,0.71,13.14,0.76,1.08,123.75,0.18,0,B,-2.0
문어무침,생채·무침류,66.5,7.6,2.07,5.12,1.68,1.45,342.5,0.3,5,A,-8.0
문어볶음,볶음류,77.5,8.44,1.82,7.08,4.54,1.5,363.5,0.3,1,B,-4.0
물김치,김치류,5.0,0.31,0.08,0.75,0.35,0.4,237.0,0.01,5,B,-4.0
물냉면,면 및 만두류,88.33,4.23,0.85,15.45,0.81,1.07,358.67,0.26,0,C,-1.0
물만두,면 및 만두류,96.25,6.5,2.44,12.42,0.06,1.3,95.25,0.46,0,A,-5.0
물회,생채·무침류,65.67,5.13,1.81,7.16,3.82,1.7,336.67,0.28,5,A,-7.0
미꾸라지튀김,튀김류,387.0,10.89,25.39,28.85,0.3,3.5,324.0,3.89,0,C,-1.0
미나리 초무침,생채·무침류,46.33,1.97,1.33,8.22,4.33,3.2,541.67,0.22,5,B,-4.0
미나리나물,나물·숙채류,25.0,1.2,0.78,3.83,1.31,1.9,160.5,0.12,5,A,-7.0
미나리무침,생채·무침류,20.0,0.95,0.68,3.56,1.96,1.5,140.5,0.1,5,A,-6.0
미나리전,전·적 및 부침류,151.0,3.49,5.08,22.82,1.16,2.5,166.0,0.82,0,B,-4.0
미더덕찜,찜류,77.0,7.7,1.82,8.05,1.18,1.2,391.0,0.29,0,B,-2.0
미소된장국,국 및 탕류,20.6,1.58,0.87,1.86,0.38,0.84,282.0,0.12,0,C,2.0
미숫가루,음료 및 차류,70.0,2.08,2.27,10.42,8.36,2.2,24.0,0.36,0,B,-3.0
미숫가루(선식)음료,음료 및 차류,128.0,2.9,1.1,27.73,12.67,2.6,1.0,0.22,0,B,-2.0
미역 된장국,국 및 탕류,13.5,1.2,0.5,1.62,0.28,1.0,295.5,0.09,0,C,1.0
미역 오이무침,생채·무침류,59.67,1.83,1.29,13.14,6.8,2.83,843.33,0.21,5,C,-1.0
미역국,국 및 탕류,11.0,1.45,0.46,0.88,0.01,0.7,279.0,0.06,0,C,2.0
미역냉국,국 및 탕류,11.0,0.5,0.11,2.7,1.85,0.7,290.0,0.02,0,C,2.0
미역줄기볶음,볶음류,51.0,1.03,4.13,3.65,0.58,3.0,648.0,0.63,1,C,2.0
미역초무침,생채·무침류,35.0,1.48,0.71,6.85,3.32,2.9,452.0,0.13,5,B,-4.0
미역튀각,튀김류,403.0,13.82,32.06,24.72,7.31,27.15,4605.0,5.07,0,D,8.0
미음,죽 및 스프류,19.0,0.3,0.1,4.6,0.13,0.0,0.0,0.02,0,C,0.0
미트 스파게티,면 및 만두류,109.0,4.3,1.92,18.58,2.82,1.4,136.0,0.49,0,B,-3.0
미트볼조림,조림류,148.83,7.44,7.68,13.14,6.32,6.02,373.67,2.31,0,A,-5.0
민들레무침,나물·숙채류,27.0,1.2,0.72,4.56,1.61,1.6,244.0,0.1,5,A,-5.0
민들레잎무침,생채·무침류,81.0,2.69,2.33,12.32,8.16,5.0,248.0,0.21,5,A,-10.0
민어 매운탕,찌개 및 전골류,35.0,4.5,0.79,2.98,0.92,1.0,140.0,0.15,0,B,-3.0
민어구이,구이류,106.0,12.6,5.53,0.38,0.13,0.0,703.0,0.89,0,C,1.0
밀면,면 및 만두류,71.0,2.46,0.5,14.19,3.68,1.3,303.0,0.15,0,C,0.0
밀크쉐이크,유제품류 및 빙과류,113.0,2.43,3.88,17.01,16.57,0.3,51.0,1.65,0,C,1.0
밀크티,음료 및 차류,76.0,1.23,2.64,9.61,7.32,0.85,18.0,2.11,0,C,1.0
밀크티/버블티,음료 및 차류,65.15,1.61,2.14,10.13,8.87,0.3,29.19,1.14,0,C,-1.0
밀푀유나베,찌개 및 전골류,44.75,3.69,1.74,3.52,1.87,1.1,305.0,0.28,0,C,-1.0
바게트,빵 및 과자류,315.5,7.82,8.57,46.08,5.73,2.3,516.5,3.12,0,C,0.0
바지락 된장국,국 및 탕류,16.0,1.6,0.35,1.78,0.41,0.8,130.0,0.06,0,C,-1.0
바지락 미역국,국 및 탕류,11.75,1.65,0.25,1.2,0.08,0.62,272.5,0.05,0,C,1.0
바지락 수제비,면 및 만두류,37.0,1.5,0.47,6.3,0.2,0.4,171.0,0.11,0,C,0.0
바지락국,국 및 탕류,17.0,2.2,0.52,0.74,0.11,0.3,224.0,0.09,0,C,0.0
바지락찜,찜류,83.0,8.0,1.71,9.15,4.59,1.6,830.0,0.32,0,C,3.0
밤밥,밥류,152.0,3.4,0.23,32.65,0.42,1.5,3.0,0.07,0,B,-3.0
방풍나물,나물·숙채류,32.0,1.42,0.83,5.74,0.88,2.5,136.0,0.15,5,A,-7.0
방풍나물무침,나물·숙채류,76.0,4.39,1.73,10.74,2.91,6.7,267.0,0.23,5,A,-11.0
배추 겉절이,생채·무침류,33.0,1.67,0.81,5.65,2.71,2.31,590.86,0.13,5,B,-3.0
배추 된장국,국 및 탕류,25.0,2.0,0.51,1.92,0.58,0.8,246.0,0.1,0,C,0.0
배추국,국 및 탕류,16.0,1.3,0.41,1.14,0.37,0.5,205.0,0.09,0,C,1.0
배추김치,김치류,38.0,1.97,0.53,6.28,2.76,3.82,582.75,0.09,5,A,-5.0
배추나물,나물·숙채류,39.44,1.93,1.46,5.37,2.61,2.09,340.89,0.22,5,A,-6.0
배추숙주나물,나물·숙채류,22.0,1.5,0.62,3.58,1.33,2.1,127.0,0.11,5,A,-7.0
배추전,전·적 및 부침류,122.25,3.28,5.98,13.66,2.01,1.82,463.75,1.02,0,C,0.0
백김치,김치류,16.0,0.95,0.07,3.0,1.04,1.9,395.0,0.01,5,B,-4.0
백설기,빵 및 과자류,227.67,4.41,1.27,49.66,3.32,1.67,241.33,0.21,0,B,-2.0
백합죽,죽 및 스프류,65.0,2.36,0.8,12.1,0.33,0.5,142.0,0.19,0,C,-1.0
밴댕이무침,생채·무침류,150.0,7.45,8.25,11.5,6.75,4.1,257.0,1.15,5,A,-12.0
뱅어포구이,구이류,325.5,32.78,12.02,21.6,11.42,5.15,1516.0,2.47,0,C,2.0
뱅어포무침,생채·무침류,391.0,46.0,16.99,10.91,5.22,0.95,1199.0,3.46,5,D,4.0
뱅어포튀김,튀김류,732.0,41.2,45.09,34.04,3.03,1.2,414.0,7.47,0,E,13.0
버거,빵 및 과자류,248.76,11.37,13.39,20.85,4.84,2.3,476.38,4.02,0,C,0.0
버섯 덮밥,밥류,101.0,2.6,1.63,18.47,0.54,0.9,63.0,0.64,0,B,-2.0
버섯 매운탕,찌개 및 전골류,45.0,2.4,1.36,6.93,1.46,2.0,160.0,0.4,0,B,-3.0
버섯 샤브샤브,찌개 및 전골류,27.0,2.0,1.36,2.46,0.48,1.0,143.0,0.41,0,B,-2.0
버섯 잡채,볶음류,149.0,4.8,12.22,6.28,1.94,2.9,207.0,2.87,1,B,-4.0
버섯구이,구이류,68.0,4.72,1.8,8.22,2.33,4.65,477.5,0.34,0,B,-3.0
버섯구이표고버섯,구이류,100.0,4.34,1.06,18.14,1.4,11.1,435.0,0.65,0,B,-4.0
버섯국,국 및 탕류,42.0,3.3,2.43,2.71,0.5,1.4,161.0,0.72,0,B,-3.0
버섯무침,생채·무침류,59.0,2.74,3.77,3.44,0.09,4.7,311.0,0.46,5,A,-9.0
버섯볶음,볶음류,100.25,2.94,6.06,8.48,2.63,4.47,397.75,0.94,1,B,-3.0
버섯전,전·적 및 부침류,175.0,6.76,8.72,17.89,1.04,3.35,490.17,1.57,0,B,-3.0
버섯전골,찌개 및 전골류,38.0,2.6,1.81,3.88,0.73,1.3,211.0,0.45,0,C,-1.0
버섯조림,조림류,46.5,3.21,1.37,6.53,1.75,2.8,281.0,0.8,0,B,-3.0
버섯찌개,찌개 및 전골류,45.2,3.22,1.62,5.93,1.73,2.32,383.8,0.45,0,C,-1.0
버터빵,빵 및 과자류,320.0,8.0,11.0,48.0,11.0,2.3,410.0,6.0,0,C,3.0
버터크림빵,빵 및 과자류,383.0,8.18,18.41,46.23,11.99,2.6,319.0,14.06,0,D,8.0
번,빵 및 과자류,351.77,7.86,12.35,52.39,14.57,2.3,308.23,6.72,0,C,3.0
번데기탕,찌개 및 전골류,23.0,2.2,1.48,0.42,0.18,0.2,109.0,0.25,0,C,-1.0
베이글,빵 및 과자류,286.87,9.06,8.07,44.17,7.14,2.7,471.58,3.87,0,B,-2.0
베이컨떡말이구이,구이류,239.5,6.3,10.58,29.92,3.76,1.6,582.0,2.4,0,C,2.0
베이컨채소볶음,볶음류,142.0,6.3,8.81,10.06,4.78,2.2,241.0,2.39,1,B,-4.0
병어구이,구이류,244.0,21.4,16.23,0.45,0.15,0.0,1559.0,3.92,0,D,7.0
병어조림,조림류,92.0,10.13,3.78,4.15,0.48,0.95,577.0,1.49,0,C,-1.0
병어찌개,찌개 및 전골류,54.0,5.3,2.06,3.4,1.08,1.0,485.0,0.59,0,C,0.0
보리밥,밥류,118.0,2.26,0.18,25.78,0.03,0.7,2.0,0.06,0,C,-1.0
보신탕,찌개 및 전골류,42.0,3.0,2.68,2.12,0.53,1.1,65.0,0.56,0,B,-2.0
보쌈김치,김치류,41.33,2.4,1.17,5.67,2.08,1.7,1510.33,0.12,5,C,3.0
복 매운탕,찌개 및 전골류,31.0,5.1,0.39,2.25,0.58,1.0,228.0,0.07,0,B,-3.0
복어튀김,튀김류,298.5,21.67,14.82,18.22,0.31,1.35,1059.0,2.38,0,D,5.0
복죽,죽 및 스프류,107.0,2.7,2.73,16.84,0.01,0.3,154.0,0.42,0,C,-1.0
복지리,찌개 및 전골류,30.0,5.6,0.31,1.49,0.35,0.6,209.0,0.06,0,B,-2.0
복찜,찜류,36.0,3.55,0.92,4.11,0.87,1.2,137.0,0.16,0,B,-3.0
볶음 우동,면 및 만두류,69.0,2.68,2.74,7.95,0.16,0.55,301.25,0.51,0,C,1.0
볶음면,면 및 만두류,190.0,6.55,12.1,13.81,3.86,3.5,367.0,2.94,0,B,-3.0
볶음밥,밥류,146.0,5.1,2.82,21.6,0.76,1.15,147.0,0.57,0,B,-4.0
볼락 매운탕,찌개 및 전골류,30.0,3.5,0.52,2.87,1.27,0.8,191.0,0.08,0,C,-1.0
부대찌개,찌개 및 전골류,86.44,4.43,4.33,7.46,1.02,1.32,351.56,1.19,0,C,-1.0
부추 겉절이,생채·무침류,23.5,1.3,0.94,3.52,1.58,1.9,160.0,0.14,5,A,-7.0
부추 채소무침,생채·무침류,22.0,1.1,0.67,4.01,2.24,1.2,171.0,0.08,5,A,-6.0
부추 초무침,생채·무침류,23.0,1.1,0.78,3.66,1.76,1.9,187.0,0.13,5,A,-6.0
부추김치,김치류,49.6,2.88,1.68,6.51,3.34,3.66,1154.0,0.25,5,C,0.0
부추나물,나물·숙채류,18.0,1.2,0.88,1.99,0.89,1.6,137.0,0.15,5,A,-6.0
부추무침,생채·무침류,30.0,1.25,1.12,4.43,2.31,1.95,204.0,0.18,5,A,-6.0
부추잡채,볶음류,86.0,5.9,5.29,3.49,2.02,1.13,214.67,1.0,1,B,-4.0
부추전,전·적 및 부침류,198.33,6.2,6.73,26.97,2.79,2.33,273.67,1.08,0,B,-3.0
북어강정,튀김류,395.0,17.76,20.75,33.57,7.39,2.18,1900.6,3.06,0,D,8.0
북어구이,구이류,287.0,46.5,5.91,10.53,3.15,2.1,932.0,1.1,0,C,2.0
북어국,국 및 탕류,25.19,3.64,0.73,0.93,0.27,0.36,158.0,0.18,0,B,-2.0
북어양념구이,구이류,137.0,20.3,2.93,6.62,2.29,0.9,285.0,0.38,0,B,-4.0
북어조림,조림류,182.0,20.83,3.33,17.14,8.2,2.1,766.0,0.67,0,C,0.0
북어찜,찜류,118.5,14.36,2.74,9.6,3.0,2.25,418.0,0.44,0,B,-4.0
북어채 고추장 무침,생채·무침류,296.0,36.6,10.34,14.1,4.13,3.2,942.0,1.57,5,B,-4.0
북어채무침,생채·무침류,168.5,25.78,2.78,9.64,3.92,2.6,524.5,0.48,5,A,-8.0
분짜,면 및 만두류,136.0,5.91,3.66,19.75,5.47,0.9,398.0,1.15,0,C,-1.0
불고기전골,찌개 및 전골류,100.0,6.23,3.2,10.1,4.68,1.5,273.5,0.98,0,B,-2.0
불낙전골,찌개 및 전골류,52.67,4.92,2.18,3.47,0.65,0.78,186.33,0.63,0,B,-2.0
붕어 매운탕,찌개 및 전골류,23.0,3.1,0.7,1.08,0.25,0.5,112.0,0.12,0,C,-1.0
붕어찜,찜류,76.0,4.94,3.35,6.51,1.47,3.9,359.0,0.53,0,A,-5.0
브로콜리 두부무침,생채·무침류,35.0,2.0,0.72,6.17,2.31,1.7,167.0,0.12,5,A,-7.0
브로콜리 버섯볶음,볶음류,24.0,1.32,1.14,2.98,0.6,1.2,141.0,0.2,1,B,-2.0
브로콜리 채소무침,생채·무침류,34.0,1.7,0.35,7.21,2.98,1.5,182.0,0.07,5,A,-6.0
브로콜리무침,생채·무침류,32.0,1.6,0.25,7.01,2.9,1.5,175.0,0.06,5,A,-7.0
브로콜리볶음,볶음류,51.0,4.42,1.28,5.53,1.42,4.5,94.0,0.22,1,A,-7.0
비름나물,나물·숙채류,28.0,2.05,1.06,3.69,0.46,2.45,190.5,0.16,5,A,-7.0
비름나물무침,나물·숙채류,73.0,3.46,4.05,5.7,0.86,3.8,335.0,0.63,5,A,-9.0
비빔 잡곡밥,밥류,138.0,3.6,2.12,25.66,0.68,2.1,93.0,0.44,0,B,-4.0
비빔국수,면 및 만두류,113.0,3.4,2.1,20.94,3.08,1.5,337.0,0.44,0,C,-1.0
비빔냉면,면 및 만두류,93.0,4.0,1.44,15.67,1.46,1.25,180.0,0.38,0,B,-2.0
비빔막국수,면 및 만두류,104.0,3.06,0.86,21.47,3.82,1.8,256.0,0.17,0,B,-2.0
비빔면,면 및 만두류,153.0,5.7,5.48,20.17,4.33,1.8,373.0,1.06,0,B,-2.0
비빔밥,밥류,120.0,3.7,2.95,18.84,1.44,1.4,192.0,0.6,0,B,-2.0
비스킷/쿠키/크래커,빵 및 과자류,480.25,7.08,23.44,61.71,28.39,2.3,259.83,9.07,0,E,16.0
비프까스,튀김류,208.0,8.1,13.68,12.25,2.51,0.6,261.0,4.78,0,C,-1.0
빙떡(메밀전병),빵 및 과자류,168.0,6.18,6.29,21.62,0.62,3.5,346.0,1.19,0,B,-4.0
빙수,유제품류 및 빙과류,145.33,3.91,2.99,25.47,19.26,1.95,61.73,1.34,0,C,-1.0
뼈다귀해장국,국 및 탕류,21.0,2.7,0.63,0.96,0.36,0.4,108.0,0.2,0,C,-1.0
사골국,국 및 탕류,35.0,1.8,1.67,2.94,0.18,0.2,6.0,0.52,0,C,-1.0
사과차,음료 및 차류,59.0,0.0,0.0,14.78,13.91,0.3,4.0,0.0,0,C,2.0
사태찜,찜류,110.0,12.1,5.17,3.67,0.13,1.6,302.0,1.13,0,B,-4.0
산자,빵 및 과자류,366.0,2.31,3.09,82.17,31.35,0.5,23.0,0.09,0,D,5.0
산적,전·적 및 부침류,200.0,29.06,8.56,1.55,0.06,5.1,586.0,2.41,0,B,-4.0
삶은 땅콩 조림,조림류,190.0,6.8,9.74,21.15,3.82,4.0,756.0,1.35,0,C,-1.0
삼각김밥,밥류,177.5,4.59,3.82,30.91,0.12,1.43,269.17,0.64,0,B,-2.0
삼겹살구이,구이류,435.0,18.39,37.26,6.49,2.86,2.4,543.0,12.76,0,E,13.0
삼겹살볶음,볶음류,213.0,9.24,15.37,9.36,5.08,1.88,453.0,5.74,1,C,0.0
삼계탕,국 및 탕류,80.0,7.32,3.75,5.0,0.48,0.5,102.0,1.01,0,B,-4.0
삼색 오이냉국,국 및 탕류,17.0,0.6,0.21,3.52,2.68,0.4,234.0,0.04,0,C,1.0
삼색냉채,생채·무침류,70.67,5.87,2.03,7.3,4.17,1.03,377.0,0.7,5,A,-6.0
삼치 양념구이,구이류,189.0,22.8,4.14,15.38,4.18,2.8,570.0,0.96,0,B,-3.0
삼치 카레구이,구이류,213.0,27.1,9.05,3.71,0.44,0.0,320.0,2.26,0,B,-2.0
삼치구이,구이류,81.0,9.55,3.81,1.45,0.48,0.1,167.0,0.78,0,A,-5.0
삼치조림,조림류,125.0,15.88,5.63,4.45,2.03,1.1,364.0,1.33,0,B,-3.0
삼치찌개,찌개 및 전골류,50.0,6.2,1.28,3.35,1.08,1.0,347.0,0.27,0,B,-2.0
삼치튀김,튀김류,136.0,13.75,6.84,3.56,0.02,0.1,920.5,1.33,0,D,4.0
상추 겉절이,생채·무침류,24.0,1.08,0.76,3.9,1.89,1.35,171.5,0.12,5,A,-6.0
새송이버섯 구이,구이류,59.0,1.83,4.72,4.8,0.88,1.87,258.33,0.71,0,B,-2.0
새송이버섯볶음,볶음류,28.5,1.42,1.72,3.82,0.76,1.6,154.5,0.25,1,B,-2.0
새송이버섯전,전·적 및 부침류,63.0,3.16,3.73,5.89,0.17,1.5,93.0,0.74,0,B,-2.0
새싹 샐러드,생채·무침류,117.0,1.4,10.6,5.01,2.49,1.8,74.0,1.56,5,A,-7.0
새우 탕수,튀김류,198.5,14.6,7.89,16.36,6.28,1.35,289.5,1.3,0,B,-4.0
새우구이,구이류,89.5,15.4,2.38,1.43,0.02,1.05,326.5,0.4,0,B,-4.0
새우무침,생채·무침류,321.0,37.0,11.77,15.47,8.04,1.0,462.0,1.77,5,A,-7.0
새우볶음,볶음류,83.0,9.91,2.21,5.96,3.99,1.1,326.0,0.38,1,A,-5.0
새우전,전·적 및 부침류,238.67,18.76,11.76,12.65,0.65,0.67,642.33,2.07,0,C,2.0
새우젓,젓갈류,69.0,7.1,1.8,6.0,0.5,1.9,7402.0,0.3,0,D,4.0
새우젓국,국 및 탕류,24.33,1.97,0.9,2.21,0.8,0.97,279.0,0.15,0,C,0.0
새우조림,조림류,67.0,8.2,2.08,3.42,0.58,0.4,351.5,1.12,0,B,-3.0
새우탕,국 및 탕류,41.5,5.47,0.52,3.68,0.76,0.85,231.67,0.08,0,B,-2.0
새우튀김,튀김류,145.0,7.1,5.55,16.53,2.22,1.0,321.5,0.84,0,B,-3.0
새우튀김롤,밥류,202.0,4.82,6.06,32.09,3.71,2.5,464.0,1.14,0,C,-1.0
샌드위치,빵 및 과자류,222.0,9.5,11.2,22.22,3.54,1.7,405.0,2.88,0,B,-2.0
샐러드,생채·무침류,137.5,2.72,8.68,10.84,3.92,2.15,164.0,1.46,5,A,-8.0
생선까스,튀김류,215.0,13.74,12.04,10.89,0.5,0.6,403.5,2.03,0,C,-1.0
생선전,전·적 및 부침류,166.5,16.13,8.7,5.82,0.18,1.6,507.0,1.8,0,B,-2.0
샤베트,유제품류 및 빙과류,57.0,0.22,0.3,13.51,11.6,0.9,4.5,0.11,0,C,0.0
샤브샤브,찌개 및 전골류,43.5,4.36,1.62,2.72,1.92,0.95,213.0,0.35,0,B,-2.0
서대구이,구이류,161.0,25.1,5.77,0.71,0.23,0.0,1177.0,0.9,0,D,5.0
섞박지,김치류,38.0,2.1,1.04,6.24,2.26,2.8,1689.0,0.2,5,C,1.0
섞어찌개(모듬찌개),찌개 및 전골류,43.0,2.7,1.7,4.66,1.18,1.25,242.0,0.49,0,C,-1.0
선지해장국,국 및 탕류,34.0,4.4,0.98,2.07,0.41,0.6,278.0,0.28,0,C,0.0
선짓국,국 및 탕류,39.25,4.08,1.39,2.79,0.6,1.12,375.25,0.4,0,C,0.0
설렁탕,국 및 탕류,37.0,2.65,1.24,4.08,0.12,0.2,133.0,0.39,0,C,-1.0
세발나물무침,나물·숙채류,78.0,3.01,4.25,7.05,3.67,4.1,701.0,0.59,5,B,-4.0
세발낙지볶음,볶음류,74.67,7.0,1.83,8.04,4.08,1.47,417.0,0.36,1,B,-3.0
세발낙지찜,찜류,74.0,5.5,4.31,3.8,0.9,1.2,235.0,0.68,0,B,-3.0
소간 채소볶음,볶음류,120.0,10.5,5.29,7.74,3.79,2.5,498.0,0.92,1,B,-4.0
소갈비 구이,구이류,232.0,11.25,16.82,7.0,3.92,0.45,428.0,5.68,0,C,2.0
소갈비찜,찜류,176.2,9.96,11.63,7.01,2.38,0.98,276.4,4.11,0,C,-1.0
소고기 감자죽,죽 및 스프류,85.0,2.85,2.36,12.42,0.26,0.75,62.0,0.66,0,C,-1.0
소고기 국밥,밥류,77.33,2.73,0.86,14.06,0.34,0.53,123.33,0.28,0,C,-1.0
소고기 덮밥,밥류,116.33,4.1,2.97,17.41,0.81,0.67,96.0,1.2,0,B,-2.0
소고기 두부국,국 및 탕류,34.0,2.8,2.18,0.62,0.04,0.3,160.0,0.61,0,C,-1.0
소고기 떡찜,찜류,303.0,10.6,14.48,32.19,1.45,1.6,357.0,5.4,0,C,0.0
소고기 무국,국 및 탕류,24.33,1.7,1.54,0.71,0.24,0.17,128.0,0.48,0,C,-1.0
소고기 미역국,국 및 탕류,19.2,1.56,1.19,0.82,0.02,0.52,224.2,0.34,0,C,1.0
소고기 샌드위치,빵 및 과자류,200.33,6.97,10.27,19.81,2.96,1.2,334.67,4.33,0,C,0.0
소고기 샤브샤브,찌개 및 전골류,46.5,2.98,2.06,4.09,0.39,0.6,113.0,0.78,0,C,-1.0
소고기 완자전,전·적 및 부침류,316.0,14.1,23.1,10.07,0.19,1.4,481.5,7.16,0,D,4.0
소고기 장조림,조림류,178.22,18.17,8.26,6.26,2.04,0.33,652.11,3.11,0,C,3.0
소고기국,국 및 탕류,34.0,1.8,1.67,2.92,0.14,0.2,6.0,0.52,0,C,-1.0
소고기버섯죽,죽 및 스프류,99.5,2.75,2.8,14.96,0.07,0.6,166.5,0.9,0,C,-1.0
소고기볶음,볶음류,149.0,6.6,10.27,5.34,1.82,0.7,243.5,3.94,1,B,-2.0
소고기산적,전·적 및 부침류,227.0,24.2,12.78,3.67,0.27,1.5,696.0,3.53,0,C,2.0
소고기스튜,찜류,187.0,10.1,11.65,9.23,2.31,1.9,310.0,4.43,0,B,-2.0
소고기육개장,국 및 탕류,27.67,2.19,1.52,1.65,0.41,0.77,125.33,0.45,0,C,-1.0
소고기전골,찌개 및 전골류,54.5,3.9,2.64,2.34,0.59,0.8,224.5,0.66,0,C,-1.0
소고기찜,찜류,119.0,5.5,8.56,5.06,2.64,1.1,163.0,3.33,0,B,-2.0
소고기채소볶음,볶음류,163.0,6.75,12.54,5.3,3.39,1.25,297.0,4.33,1,C,-1.0
소고기튀김,튀김류,258.0,10.4,18.92,10.11,1.88,0.7,428.0,6.59,0,C,3.0
소곱창 구이,구이류,171.0,8.8,11.89,3.71,2.43,1.2,296.0,2.84,0,B,-3.0
소곱창 볶음,볶음류,178.0,9.0,13.58,4.99,1.79,2.4,369.0,3.11,1,B,-3.0
소금빵,빵 및 과자류,369.4,7.72,17.16,46.52,7.6,2.3,522.0,10.97,0,E,9.0
소내장구이,구이류,92.0,6.75,6.53,0.75,0.1,0.1,57.0,1.83,0,B,-4.0
소등심 스테이크,구이류,236.25,11.1,19.34,2.69,1.77,0.48,172.5,8.15,0,C,2.0
소등심구이,구이류,317.25,15.9,26.77,0.2,0.06,0.08,312.25,11.02,0,D,7.0
소라무침,생채·무침류,122.0,18.7,1.58,7.46,2.0,1.0,55.0,0.26,5,A,-11.0
소라산적,전·적 및 부침류,150.0,22.4,3.14,8.06,1.06,0.6,496.0,0.47,0,C,-1.0
소보로빵,빵 및 과자류,343.0,7.5,12.79,50.33,17.48,3.57,246.1,5.35,0,C,0.0
소불고기,구이류,157.0,9.51,9.64,4.8,3.02,0.65,242.0,3.46,0,B,-2.0
소사태찜,찜류,123.33,11.5,4.2,9.1,2.59,1.47,232.0,1.14,0,A,-5.0
소세지빵,빵 및 과자류,288.0,9.37,16.44,25.74,6.41,2.3,542.4,4.35,0,C,1.0
소스/드레싱,"장류, 양념류",116.0,8.93,5.54,7.66,5.93,1.0,530.0,1.08,0,B,-2.0
소시지 케첩볶음,볶음류,216.25,10.0,14.5,11.18,4.1,1.05,576.25,4.1,1,C,1.0
소시지볶음,볶음류,134.0,6.8,8.33,7.73,2.49,0.65,424.0,2.6,1,C,-1.0
소시지조림,조림류,217.67,11.37,12.99,13.86,4.37,0.9,952.67,3.79,0,D,5.0
소시지튀김,튀김류,295.0,13.0,17.58,19.25,1.29,0.85,912.0,4.58,0,D,7.0
소안심스테이크,구이류,197.0,16.6,12.51,2.64,1.57,0.7,242.0,5.39,0,C,0.0
소탕,국 및 탕류,58.0,5.1,3.57,1.27,0.02,1.2,236.0,0.39,0,B,-3.0
송어 매운탕,찌개 및 전골류,54.0,6.6,1.35,4.03,1.56,1.2,247.0,0.32,0,B,-4.0
송편,빵 및 과자류,207.4,5.42,1.58,42.85,1.46,4.67,331.0,0.27,0,A,-6.0
수란,찜류,145.0,12.3,11.7,0.2,1.01,0.0,110.0,3.21,0,B,-3.0
수박화채,음료 및 차류,42.0,1.2,0.87,7.79,5.78,0.1,9.0,0.56,0,C,0.0
수수경단,빵 및 과자류,218.0,8.2,1.4,43.1,9.12,2.3,238.0,0.0,0,A,-5.0
수수밥,밥류,121.0,2.25,0.17,26.3,0.02,0.6,2.0,0.05,0,C,-1.0
수수부꾸미,빵 및 과자류,248.0,5.73,6.29,42.1,0.24,7.9,261.0,0.97,0,A,-7.0
수수팥떡,빵 및 과자류,204.0,6.7,0.59,43.03,2.82,8.6,242.0,0.16,0,A,-8.0
수육,찜류,145.0,22.3,4.94,1.34,0.11,0.3,31.0,1.85,0,A,-5.0
수제비,면 및 만두류,81.0,2.89,0.4,13.16,0.48,1.1,178.0,0.11,0,B,-2.0
숙주나물,나물·숙채류,18.0,1.1,0.9,1.78,0.22,1.1,176.0,0.14,5,A,-6.0
숙주미나리나물,나물·숙채류,17.67,1.07,0.91,1.82,0.33,1.13,167.0,0.14,5,A,-6.0
순 현미밥,밥류,129.0,2.6,0.72,27.59,0.41,1.4,8.0,0.17,0,B,-2.0
순대,찜류,181.0,5.5,6.55,20.61,1.12,1.4,340.0,1.66,0,B,-2.0
순대국,국 및 탕류,53.0,2.53,1.78,2.94,0.35,0.8,161.0,0.5,0,C,-1.0
순대볶음,볶음류,126.13,3.14,5.0,17.46,2.41,2.05,360.47,1.14,1,C,-1.0
순대전골,찌개 및 전골류,76.0,5.61,3.18,6.28,0.68,1.4,160.0,1.22,0,B,-4.0
순두부찌개,찌개 및 전골류,39.33,3.54,1.74,2.39,0.99,0.81,250.33,0.33,0,C,-1.0
숭어 매운탕,찌개 및 전골류,51.0,6.8,0.87,4.11,1.56,1.2,241.0,0.18,0,B,-4.0
스무디,음료 및 차류,83.0,1.06,2.13,14.39,11.78,0.3,26.0,1.06,0,C,1.0
스콘,빵 및 과자류,427.0,5.72,23.94,47.14,17.62,2.3,324.8,13.3,0,E,14.0
스크램블드에그,전·적 및 부침류,164.0,11.7,11.33,1.62,0.57,0.0,275.5,3.1,0,C,-1.0
스테이크,구이류,155.0,11.08,8.36,7.22,4.16,1.2,244.0,2.86,0,B,-4.0
스파게티,면 및 만두류,171.0,5.0,7.7,18.69,2.63,1.6,281.0,2.52,0,C,-1.0
스프,죽 및 스프류,45.5,0.94,1.54,7.28,2.58,0.45,240.0,0.64,0,C,1.0
시금치 겉절이,생채·무침류,54.0,3.0,2.51,6.28,1.47,2.8,357.0,0.39,5,A,-7.0
시금치 된장국,국 및 탕류,14.25,1.12,0.31,2.1,0.63,0.95,231.0,0.06,0,C,0.0
시금치나물,나물·숙채류,27.0,1.6,1.28,3.2,0.89,1.7,221.0,0.19,5,A,-6.0
시래기 된장국,국 및 탕류,14.5,0.95,0.42,2.04,0.37,1.23,223.0,0.06,0,C,0.0
시래기나물,나물·숙채류,53.2,1.83,1.76,8.97,2.63,3.44,868.6,0.27,5,C,-1.0
시래기나물무침,나물·숙채류,114.0,4.32,7.28,7.74,0.54,6.7,514.0,0.9,5,A,-8.0
시루떡,빵 및 과자류,229.0,5.66,1.66,47.92,2.44,4.43,245.67,0.29,0,A,-6.0
시리얼,빵 및 과자류,85.0,2.9,2.24,13.15,7.0,0.3,73.0,1.39,0,C,-1.0
식빵,빵 및 과자류,313.72,7.78,10.99,46.53,9.25,4.25,397.32,5.1,0,C,0.0
식빵튀김,튀김류,277.67,6.37,10.49,39.23,7.17,2.57,362.67,3.05,0,C,0.0
식혜,음료 및 차류,48.0,0.16,0.05,11.69,11.17,0.3,2.0,0.03,0,C,1.0
쌀국수,면 및 만두류,62.0,2.3,0.8,11.45,0.48,0.58,406.4,0.19,0,C,2.0
쌀밥,밥류,135.33,2.59,0.33,29.63,0.11,0.43,0.67,0.1,0,C,-1.0
쌀죽(흰죽),죽 및 스프류,53.0,1.02,0.15,11.45,0.31,0.0,0.0,0.05,0,C,0.0
쌈장,"장류, 양념류",142.0,6.5,4.55,20.14,8.55,5.2,2335.0,0.75,0,C,1.0
쌍화차,음료 및 차류,45.5,0.03,0.01,11.42,8.52,0.3,1.5,0.0,0,C,0.0
쑥 된장국,국 및 탕류,21.33,1.8,0.64,2.42,0.48,1.37,217.67,0.1,0,C,-1.0
쑥갓나물,나물·숙채류,29.5,2.35,1.32,2.22,0.1,1.9,275.0,0.2,5,A,-6.0
쑥갓나물무침,생채·무침류,64.0,3.0,3.8,4.4,0.2,3.9,473.0,0.47,5,A,-6.0
쑥갓무침,생채·무침류,40.0,2.5,1.96,4.01,0.24,2.8,237.0,0.31,5,A,-8.0
쑥갓오이무침,생채·무침류,37.0,1.9,1.06,5.58,0.38,1.9,156.5,0.17,5,A,-8.0
쑥떡,빵 및 과자류,249.0,3.36,0.4,57.89,10.72,2.4,254.0,0.2,0,B,-2.0
쑥전(부침개),구이류,127.0,4.8,6.29,13.44,0.02,4.6,538.0,1.12,0,B,-3.0
쑥튀김,튀김류,234.0,6.6,13.71,19.95,0.09,2.3,552.0,2.5,0,C,0.0
씀바귀나물,나물·숙채류,38.0,1.5,1.11,6.54,1.87,1.9,296.0,0.16,5,A,-5.0
씀바귀나물무침,나물·숙채류,97.0,3.87,1.73,16.57,1.28,5.2,204.0,0.36,5,A,-11.0
아구탕,국 및 탕류,41.0,6.3,0.82,2.13,0.3,1.1,311.0,0.13,0,B,-2.0
아귀 매운탕,찌개 및 전골류,33.0,4.3,0.57,3.12,0.87,1.03,190.67,0.09,0,B,-2.0
아귀지리,찌개 및 전골류,21.0,3.97,0.13,0.89,0.2,0.3,87.0,0.02,0,B,-2.0
아귀찜,찜류,53.5,5.39,1.02,3.28,0.65,0.95,214.0,0.16,0,B,-3.0
아욱 된장국,국 및 탕류,16.2,1.3,0.32,2.51,0.37,1.24,228.0,0.06,0,C,0.0
아이스 카페라떼,음료 및 차류,44.0,1.4,1.5,6.35,4.37,0.0,16.67,0.97,0,C,0.0
아이스 카페모카,음료 및 차류,81.0,1.7,3.07,11.95,8.17,0.3,26.5,2.04,0,C,0.0
아이스크림,유제품류 및 빙과류,226.0,3.48,10.72,28.7,20.87,0.9,75.0,6.09,0,D,5.0
아이스티,음료 및 차류,38.0,0.01,0.1,8.56,7.37,0.3,2.0,0.03,0,C,0.0
알밥,밥류,86.0,2.4,1.45,15.71,0.74,0.9,169.0,0.29,0,B,-2.0
알탕,찌개 및 전골류,39.0,6.37,0.74,2.29,0.55,0.8,156.0,0.15,0,B,-3.0
앙금빵,빵 및 과자류,298.0,6.67,1.5,63.33,35.0,4.1,75.0,10.53,0,D,7.0
애호박 감자된장국,국 및 탕류,23.33,1.9,0.32,3.3,0.68,1.0,192.33,0.07,0,C,-1.0
애호박 된장국,국 및 탕류,23.0,2.0,0.48,3.18,0.97,1.5,283.0,0.09,0,C,0.0
애호박 볶음,볶음류,61.5,1.21,4.28,4.78,1.1,2.1,325.5,0.6,1,C,-1.0
애호박나물,나물·숙채류,37.0,1.3,1.44,5.51,2.64,2.2,162.0,0.21,5,A,-7.0
애호박부침개,전·적 및 부침류,150.0,5.5,5.92,17.83,1.27,1.65,239.5,1.1,0,B,-3.0
애호박전,전·적 및 부침류,112.2,3.17,7.1,8.65,1.6,1.54,172.6,1.21,0,B,-2.0
애호박죽,죽 및 스프류,77.0,1.4,0.96,15.0,0.43,0.6,57.0,0.16,0,C,0.0
애호박찌개,찌개 및 전골류,33.0,3.0,0.78,3.77,0.99,1.45,219.0,0.16,0,C,-1.0
애호박찜,찜류,38.5,1.85,1.56,4.74,1.98,1.85,574.0,0.25,0,C,2.0
액상커피,음료 및 차류,17.0,0.2,0.01,3.98,1.68,0.0,0.0,0.0,0,C,0.0
약과,빵 및 과자류,399.0,4.2,4.75,84.89,16.89,5.3,57.0,1.22,0,B,-2.0
약식,빵 및 과자류,220.0,4.32,2.38,45.34,11.72,2.05,227.0,0.32,0,B,-2.0
양념 도토리묵,생채·무침류,55.0,1.1,1.27,9.91,0.15,1.6,363.0,0.2,5,B,-3.0
양념 돼지고기튀김,튀김류,189.0,12.9,8.58,13.89,2.19,0.6,347.0,1.81,0,B,-3.0
양념 바지락젓,젓갈류,50.0,5.8,1.97,2.07,0.81,0.6,1.0,0.26,0,B,-3.0
양념 새우젓,젓갈류,67.0,7.3,1.5,6.78,1.5,2.2,5863.0,0.34,0,D,4.0
양념 오징어젓,젓갈류,66.0,7.9,1.33,5.27,1.43,1.0,1858.0,0.25,0,D,5.0
양념두부,볶음류,68.0,6.2,3.39,2.99,0.09,2.0,105.0,0.51,1,A,-6.0
양념채김치,김치류,53.0,3.3,1.55,7.5,3.61,2.8,1065.0,0.27,5,C,0.0
양념초장,"장류, 양념류",134.0,10.4,1.03,21.8,1.39,3.8,4784.0,0.17,0,C,1.0
양미리조림,조림류,143.0,18.1,4.45,5.61,1.53,0.7,286.0,1.03,0,B,-3.0
양배추 겉절이,생채·무침류,42.5,1.85,1.31,7.18,3.55,2.65,411.0,0.2,5,A,-5.0
양배추 된장국,국 및 탕류,34.0,2.9,0.89,3.93,1.61,1.6,313.0,0.16,0,C,0.0
양배추 사과 샐러드,생채·무침류,137.67,0.9,10.72,10.61,7.62,2.0,73.33,1.53,5,A,-7.0
양배추 샐러드,생채·무침류,99.0,0.9,8.95,4.32,2.2,1.3,145.0,1.3,5,A,-6.0
양배추 초나물,나물·숙채류,65.5,2.0,2.75,9.44,5.6,2.4,175.0,0.43,5,A,-8.0
양배추김치,김치류,39.0,2.2,0.39,8.29,4.0,3.4,2099.0,0.09,5,C,1.0
양배추나물,나물·숙채류,71.0,2.2,3.76,8.69,4.42,3.1,799.0,0.58,5,B,-2.0
양배추부추무침,생채·무침류,37.5,2.05,0.57,7.38,3.75,3.38,360.5,0.1,5,A,-6.0
양배추오이  샐러드,생채·무침류,188.0,1.8,17.09,8.2,4.28,2.3,120.0,2.47,5,A,-7.0
양상추 샐러드,생채·무침류,78.5,1.4,6.22,4.78,3.12,1.05,111.5,0.98,5,A,-6.0
양송이 덮밥,밥류,93.0,1.9,0.65,19.64,1.27,0.7,46.0,0.12,0,C,-1.0
양송이버섯볶음,볶음류,93.5,4.35,6.94,4.51,2.25,1.15,255.25,2.12,1,B,-2.0
양장피,생채·무침류,81.0,10.7,1.8,5.33,3.15,1.8,362.0,0.46,5,A,-9.0
양태구이,구이류,107.0,14.0,5.11,0.1,0.03,0.0,672.0,0.76,0,C,1.0
양파 소고기전,전·적 및 부침류,155.0,5.0,10.63,8.88,3.51,1.2,435.0,2.11,0,C,0.0
양파링튀김,튀김류,411.0,3.86,25.23,43.58,5.43,2.7,776.0,4.19,0,E,9.0
양파볶음,볶음류,63.67,0.93,3.97,6.31,5.63,1.47,306.67,0.55,1,C,0.0
양파장아찌,장아찌·절임류,63.0,0.6,0.03,16.05,15.42,1.0,6050.0,0.01,0,E,11.0
어묵 감자볶음,볶음류,208.33,8.2,9.09,23.6,4.36,1.3,558.0,1.45,1,B,-2.0
어묵 매운탕,찌개 및 전골류,38.75,2.7,0.84,5.5,1.4,0.7,230.25,0.16,0,C,0.0
어묵 오이무침,생채·무침류,127.0,7.7,3.07,18.17,5.5,1.3,531.67,0.56,5,A,-6.0
어묵 우동,면 및 만두류,61.25,1.85,0.82,11.18,0.2,0.65,205.0,0.18,0,C,0.0
어묵국,국 및 탕류,36.5,2.7,0.86,4.7,0.92,0.48,343.5,0.16,0,C,1.0
어묵국(어묵탕),국 및 탕류,30.0,1.69,0.69,3.83,0.69,0.4,226.0,0.11,0,C,0.0
어묵국물,국 및 탕류,7.0,0.5,0.13,1.05,0.14,0.2,234.0,0.03,0,C,1.0
어묵볶음,볶음류,89.0,4.3,3.57,10.05,2.58,0.7,360.0,0.58,1,C,0.0
어묵잡채,볶음류,127.0,6.6,6.54,10.01,2.23,0.6,426.5,1.72,1,B,-2.0
어묵전,전·적 및 부침류,274.0,12.6,11.41,28.78,2.32,0.75,913.0,2.17,0,D,5.0
어묵조림,조림류,170.57,8.63,5.88,20.9,5.11,1.13,817.43,0.98,0,C,2.0
어묵탕,국 및 탕류,30.38,2.09,0.74,4.03,0.79,0.35,239.62,0.14,0,C,0.0
어묵튀김,튀김류,179.25,8.45,8.94,15.65,1.91,0.3,811.25,1.64,0,C,3.0
어육소시지전,전·적 및 부침류,177.0,8.23,10.14,12.73,2.04,0.1,441.0,2.82,0,C,-1.0
어죽,죽 및 스프류,69.0,2.55,0.94,12.6,1.23,1.1,263.0,0.21,0,C,-1.0
어탕,국 및 탕류,57.0,8.47,2.06,1.21,0.24,0.7,323.0,0.29,0,B,-3.0
얼갈이 겉절이,생채·무침류,23.75,1.18,0.57,4.13,1.74,1.98,241.5,0.1,5,A,-6.0
얼갈이 나물,나물·숙채류,48.0,1.9,3.05,3.98,0.68,2.7,1483.0,0.47,5,C,1.0
얼갈이 된장국,국 및 탕류,12.0,0.9,0.36,1.63,0.41,0.95,199.5,0.05,0,C,0.0
얼갈이배추김치,김치류,46.5,1.74,1.01,7.65,0.76,2.5,413.5,0.07,5,A,-5.0
에이드,음료 및 차류,42.0,0.0,0.06,9.94,9.09,0.3,2.0,0.0,0,C,1.0
연근전,전·적 및 부침류,82.0,1.9,3.52,10.26,0.57,1.2,14.0,0.6,0,B,-2.0
연근조림,조림류,125.0,1.85,1.17,22.23,3.32,2.25,425.0,0.16,0,C,0.0
연근튀김,튀김류,173.67,3.53,9.22,18.23,1.05,2.13,443.67,1.57,0,C,-1.0
연두부찌개,찌개 및 전골류,42.0,4.8,1.48,2.59,0.95,0.8,291.0,0.24,0,C,0.0
연두부찜,찜류,67.75,4.97,3.37,4.36,1.12,1.12,191.0,0.42,0,B,-3.0
연어구이,구이류,223.0,24.78,11.68,0.2,0.07,0.0,850.0,1.84,0,C,3.0
연어롤,밥류,170.0,6.19,5.13,24.77,2.82,3.0,404.0,0.94,0,B,-3.0
연어튀김,튀김류,149.0,13.1,5.71,9.66,0.01,0.4,971.0,1.01,0,D,4.0
연잎밥,밥류,207.0,4.0,0.3,47.0,0.66,0.92,178.0,0.0,0,B,-3.0
연포탕,국 및 탕류,54.0,9.49,0.9,2.02,0.02,1.4,234.0,0.18,0,A,-5.0
열무 겉절이,생채·무침류,25.0,1.6,0.26,4.78,1.74,1.3,1129.0,0.05,5,C,3.0
열무 된장국,국 및 탕류,20.0,2.1,0.51,2.09,0.48,1.0,335.33,0.1,0,C,0.0
열무 비빔밥,밥류,86.5,2.4,0.82,16.86,0.61,0.9,112.0,0.3,0,B,-2.0
열무김치,김치류,36.0,2.39,0.38,5.87,0.68,2.7,583.0,0.06,5,B,-4.0
열무나물,나물·숙채류,34.0,2.9,1.15,4.65,0.91,2.2,460.0,0.19,5,B,-4.0
열무물김치,김치류,18.0,1.41,0.07,2.91,1.68,0.5,493.0,0.02,5,C,-1.0
열무얼갈이김치,김치류,35.0,2.15,0.66,5.22,0.91,3.1,680.0,0.08,5,B,-3.0
영양돌솥밥,밥류,119.0,2.43,0.44,25.29,0.66,1.6,25.0,0.08,0,B,-2.0
오겹살구이,구이류,408.0,20.18,35.14,2.72,0.72,0.0,76.0,10.23,0,D,8.0
오곡밥,밥류,158.0,4.24,0.64,32.8,0.19,2.25,156.5,0.15,0,B,-4.0
오리 간장불고기,구이류,98.0,12.6,2.41,6.16,2.93,0.6,313.0,0.76,0,B,-3.0
오리감자죽,죽 및 스프류,97.0,3.7,2.14,15.11,0.28,1.1,121.0,0.41,0,B,-3.0
오리고기구이,구이류,293.0,24.06,19.7,4.89,1.61,2.2,708.0,4.82,0,C,2.0
오리고기로스,구이류,169.0,29.7,4.37,0.78,0.01,0.3,510.0,1.65,0,C,-1.0
오리백숙,찌개 및 전골류,124.0,7.5,7.5,5.57,0.25,0.7,161.0,2.3,0,B,-3.0
오리볶음,볶음류,171.0,10.47,11.27,7.3,2.65,1.5,254.0,3.59,1,B,-4.0
오리불고기,구이류,105.5,9.41,2.71,8.2,4.3,1.05,223.0,0.78,0,A,-5.0
오리죽,죽 및 스프류,155.0,7.5,4.99,19.95,0.55,1.7,62.0,1.16,0,A,-5.0
오리탕,찌개 및 전골류,104.0,6.68,6.56,7.73,1.19,1.2,212.0,1.33,0,B,-4.0
오므라이스,밥류,107.0,2.9,1.88,18.49,1.27,0.9,142.0,0.43,0,B,-2.0
오믈렛,전·적 및 부침류,88.0,6.3,5.82,2.46,0.72,0.2,222.0,1.5,0,B,-2.0
오미자차,음료 및 차류,39.0,0.0,0.0,9.15,8.14,0.3,0.0,0.0,0,C,0.0
오븐스파게티,면 및 만두류,122.0,5.6,3.49,16.77,1.75,1.2,120.0,1.97,0,B,-4.0
오이 도라지 생채,생채·무침류,41.0,1.25,0.5,8.94,3.83,1.85,237.25,0.09,5,A,-6.0
오이 물김치,김치류,51.0,2.9,1.3,8.73,4.21,2.6,2268.0,0.22,5,C,2.0
오이 미역냉국,국 및 탕류,13.0,0.7,0.21,2.91,1.84,0.8,338.0,0.04,0,C,2.0
오이고추 된장무침,생채·무침류,32.0,1.4,0.91,5.18,1.46,1.8,313.0,0.15,5,A,-5.0
오이김치,김치류,38.8,2.43,0.39,7.37,2.28,2.4,1631.2,0.08,5,C,2.0
오이나물,나물·숙채류,73.0,1.3,6.44,2.95,1.04,0.7,309.67,0.96,5,B,-3.0
오이냉국,국 및 탕류,7.0,0.57,0.18,1.32,0.31,0.4,328.0,0.03,0,C,2.0
오이모듬무침,생채·무침류,34.0,1.4,0.58,6.89,3.85,1.5,305.0,0.1,5,B,-4.0
오이무침,생채·무침류,34.0,1.3,0.76,5.58,3.18,1.3,236.5,0.12,5,A,-5.0
오이부추무침,생채·무침류,26.0,0.9,0.35,5.68,2.62,1.3,206.0,0.07,5,A,-5.0
오이생채,생채·무침류,34.3,1.36,0.85,6.14,3.56,1.53,283.8,0.1,5,B,-4.0
오이소박이,김치류,37.67,2.13,0.49,6.73,2.99,2.8,896.33,0.1,5,C,-1.0
오이장아찌,장아찌·절임류,71.0,1.9,3.83,7.71,4.03,1.2,1991.0,0.6,0,D,8.0
오이지,장아찌·절임류,25.0,0.78,1.25,2.68,0.94,2.3,2210.0,0.04,0,D,8.0
오이지무침,생채·무침류,36.5,0.98,1.22,4.38,2.46,1.8,1349.0,0.2,5,C,3.0
오징어 덮밥,밥류,86.8,4.62,0.93,14.65,1.54,0.92,111.2,0.18,0,B,-3.0
오징어국,국 및 탕류,22.6,3.32,0.45,1.38,0.44,0.46,207.2,0.08,0,C,-1.0
오징어무침,생채·무침류,75.8,8.84,1.2,7.74,4.48,1.51,229.8,0.25,5,A,-10.0
오징어미역초무침,생채·무침류,87.0,15.0,1.72,5.24,0.65,3.6,1133.0,0.39,5,B,-4.0
오징어볶음,볶음류,90.4,8.94,2.56,7.96,2.98,1.56,281.1,0.46,1,A,-5.0
오징어불고기,구이류,123.0,16.4,3.23,7.25,2.81,1.3,366.0,0.59,0,B,-3.0
오징어산적,전·적 및 부침류,127.0,21.72,2.47,4.5,1.14,1.1,596.0,0.34,0,C,-1.0
오징어순대,찜류,88.0,9.88,1.3,9.05,0.3,1.05,342.5,0.3,0,B,-4.0
오징어젓,젓갈류,60.0,10.1,0.7,3.4,2.4,1.6,2151.0,0.2,0,D,4.0
오징어조림,조림류,63.5,8.25,0.8,5.78,1.74,0.8,290.0,0.18,0,B,-3.0
오징어찌개,찌개 및 전골류,28.25,3.4,0.36,2.88,0.77,0.68,216.25,0.08,0,C,-1.0
오징어찜,찜류,56.0,8.5,1.32,2.61,0.73,0.9,113.0,0.26,0,A,-6.0
오징어채무침,생채·무침류,188.0,18.9,4.16,16.54,6.07,1.0,712.0,0.73,5,A,-5.0
오징어채볶음,볶음류,163.0,16.1,5.78,6.56,2.35,0.4,477.0,0.91,1,B,-2.0
오징어채조림,조림류,240.0,23.52,4.9,25.36,13.78,5.8,1130.0,0.82,0,C,2.0
오징어탕수,튀김류,178.0,11.03,7.86,14.85,4.88,0.95,245.75,1.38,0,A,-5.0
오징어튀김,튀김류,122.0,8.7,6.14,6.9,0.03,0.2,175.5,1.04,0,A,-5.0
오징어포조림,조림류,133.0,15.5,1.77,13.03,5.79,0.6,449.0,0.43,0,B,-2.0
옥돔구이,구이류,39.0,4.91,1.92,0.11,0.04,0.0,33.0,0.34,0,B,-3.0
옥수수,찜류,185.0,6.68,2.42,34.2,2.36,5.7,90.0,0.29,0,A,-9.0
옥수수구이,구이류,144.0,2.92,8.21,14.5,3.76,0.9,179.0,1.81,0,B,-2.0
옥수수밥,밥류,113.0,2.1,0.34,24.39,0.25,0.6,3.0,0.09,0,C,-1.0
옥수수부침,전·적 및 부침류,178.67,3.2,7.63,23.93,2.52,2.0,432.33,1.15,0,C,0.0
옥수수샐러드,생채·무침류,130.0,1.4,8.31,12.49,4.09,1.2,246.0,1.2,5,A,-5.0
올갱이국,국 및 탕류,24.0,2.28,0.7,2.17,0.27,1.0,336.0,0.13,0,C,0.0
올갱이국수,면 및 만두류,38.0,0.75,0.55,7.44,1.24,1.5,258.0,0.1,0,C,0.0
올갱이해장국,국 및 탕류,41.0,4.0,1.35,3.51,0.77,1.7,342.33,0.21,0,C,-1.0
와플,빵 및 과자류,279.07,3.93,2.15,40.91,15.44,2.3,250.67,5.38,0,C,3.0
완두콩밥,밥류,124.75,2.45,0.36,26.72,0.16,0.85,1.5,0.1,0,C,-1.0
완자전,전·적 및 부침류,214.0,11.46,13.33,10.73,0.56,2.9,369.0,3.33,0,B,-3.0
완자조림,조림류,170.25,14.0,6.41,12.84,2.49,1.55,224.0,1.42,0,A,-5.0
요구르트(액상),유제품류 및 빙과류,96.0,2.16,2.66,14.8,14.0,0.9,34.0,0.73,0,C,0.0
우거지나물무침,나물·숙채류,86.0,3.0,5.67,5.8,1.0,5.8,515.0,0.67,5,A,-7.0
우동,면 및 만두류,65.0,1.92,0.85,11.54,0.23,0.8,260.0,0.19,0,C,0.0
우동볶음,면 및 만두류,128.0,2.8,2.01,24.79,0.43,2.0,257.0,0.49,0,B,-2.0
우럭 매운탕,찌개 및 전골류,30.0,3.75,0.55,2.74,0.9,0.75,159.0,0.13,0,B,-2.0
우럭구이,구이류,143.0,17.37,7.28,0.58,0.19,0.0,884.33,1.18,0,C,3.0
우럭튀김,튀김류,289.0,24.7,12.12,19.21,0.02,0.5,1919.0,2.29,0,D,6.0
우럭회덮밥,밥류,67.0,3.49,0.77,11.47,1.55,0.8,64.0,0.14,0,B,-2.0
우롱차,음료 및 차류,19.0,0.0,0.09,4.76,3.81,0.3,3.0,0.0,0,C,0.0
우엉 양념구이,구이류,67.0,1.7,1.41,12.06,1.59,1.9,60.0,0.22,0,B,-3.0
우엉볶음,볶음류,112.5,2.9,6.4,11.46,1.93,3.45,321.0,0.96,1,B,-3.0
우엉조림,조림류,104.0,3.69,2.98,17.89,4.75,2.9,371.0,0.53,0,B,-2.0
우유,유제품류 및 빙과류,73.0,2.04,2.31,11.04,10.24,0.6,23.0,1.15,0,C,0.0
울면,면 및 만두류,79.0,4.02,0.86,13.44,0.4,0.8,219.0,0.21,0,C,-1.0
월남쌈,면 및 만두류,123.75,7.2,4.84,12.83,6.54,1.42,266.25,1.38,0,B,-4.0
웨이퍼,빵 및 과자류,528.0,7.0,31.0,55.0,36.0,2.3,85.0,21.0,0,E,21.0
유과,빵 및 과자류,424.0,2.81,12.83,74.23,24.15,1.1,23.0,1.37,0,D,7.0
유부 된장국,국 및 탕류,72.5,4.8,4.65,2.71,0.64,0.9,324.0,0.74,0,B,-2.0
유부 초밥,밥류,199.33,5.87,6.91,27.1,2.22,0.9,133.33,1.1,0,B,-4.0
유부국,국 및 탕류,17.0,1.08,1.02,1.13,0.2,0.3,162.0,0.16,0,C,0.0
유부조림,조림류,254.0,13.7,18.34,7.95,3.23,0.9,243.0,2.85,0,B,-4.0
유산슬,볶음류,71.0,7.54,2.23,4.1,0.59,1.2,211.0,0.4,1,A,-5.0
유자차,음료 및 차류,47.5,0.0,0.04,10.3,9.49,0.3,6.5,0.0,0,C,1.0
유채김치,김치류,62.0,3.5,0.8,10.1,2.4,2.62,926.0,0.0,5,C,0.0
유채나물,나물·숙채류,36.0,3.7,1.07,4.89,0.71,3.3,472.0,0.17,5,A,-6.0
유채무침,생채·무침류,60.0,3.4,0.67,12.47,6.2,3.0,227.0,0.12,5,A,-9.0
유채물김치,김치류,17.0,1.0,0.1,3.0,2.4,2.62,452.0,0.0,5,B,-3.0
육개장,국 및 탕류,36.53,3.78,1.51,2.14,0.64,0.85,173.07,0.41,0,B,-2.0
육회,수·조·어·육류,144.0,9.72,7.04,10.64,7.54,3.95,331.0,2.04,0,A,-6.0
육회비빔밥,밥류,115.0,3.9,2.88,17.66,0.71,0.9,77.0,0.65,0,B,-3.0
율무밥,밥류,118.0,2.23,0.17,25.55,0.01,0.3,2.0,0.05,0,C,-1.0
율무죽,죽 및 스프류,77.0,3.26,0.98,13.75,0.1,0.7,1.0,0.15,0,B,-2.0
율무차,음료 및 차류,62.5,0.85,1.23,12.24,7.82,0.0,51.0,0.43,0,C,0.0
은대구구이,구이류,137.0,9.2,10.5,0.03,0.01,0.0,762.0,2.14,0,C,3.0
인절미,빵 및 과자류,225.67,5.12,1.4,48.19,4.58,2.5,301.0,0.16,0,B,-3.0
임연수구이,구이류,198.0,21.52,11.76,0.73,0.24,0.0,628.0,2.44,0,C,1.0
임연수조림,조림류,117.5,12.9,4.49,5.72,3.26,0.7,254.5,0.96,0,B,-4.0
임연수튀김,튀김류,275.5,19.6,14.76,13.37,0.02,0.4,901.5,2.75,0,D,5.0
잉어 매운탕,찌개 및 전골류,52.0,5.7,1.5,4.08,1.56,1.2,231.0,0.28,0,B,-3.0
자몽차,음료 및 차류,33.0,0.1,0.0,8.23,7.0,0.3,3.0,0.0,0,C,0.0
자몽홍차,음료 및 차류,41.5,0.16,0.02,10.04,9.37,0.3,3.5,0.0,0,C,1.0
자장면,면 및 만두류,119.43,3.96,2.12,20.61,2.36,1.73,344.71,0.53,0,C,-1.0
자장밥,밥류,135.0,3.66,4.59,19.79,0.55,2.25,274.0,1.14,0,B,-2.0
잔멸치 튀김,튀김류,67.0,4.0,4.12,2.9,0.26,0.1,510.0,0.66,0,C,2.0
잔멸치볶음,볶음류,130.0,11.3,6.82,6.94,2.52,0.5,706.0,1.08,1,C,0.0
잔치국수,면 및 만두류,64.25,2.27,0.78,11.66,0.68,0.7,294.75,0.18,0,C,1.0
잡곡밥,밥류,133.61,3.16,0.64,27.91,0.27,1.61,1.61,0.15,0,B,-2.0
잡곡죽,죽 및 스프류,81.0,3.5,1.17,14.21,0.48,2.4,118.0,0.21,0,B,-4.0
잡채,볶음류,119.0,2.79,3.27,18.35,2.38,1.5,274.0,0.6,1,C,-1.0
잡채밥,밥류,107.0,2.9,1.31,19.65,0.64,0.7,86.0,0.27,0,C,-1.0
잡탕밥,밥류,109.5,5.69,2.26,16.31,0.16,1.3,184.5,0.46,0,B,-3.0
잡탕전골,찌개 및 전골류,56.0,4.9,1.73,4.99,0.73,0.7,279.0,0.47,0,C,-1.0
잣죽,죽 및 스프류,132.33,2.75,3.83,21.64,0.36,0.77,144.67,0.32,0,C,-1.0
장국국수,면 및 만두류,107.75,4.8,2.35,15.68,0.44,0.48,420.5,0.61,0,C,0.0
장떡,전·적 및 부침류,197.0,3.67,7.64,27.28,2.26,1.8,267.0,1.16,0,B,-3.0
장어 덮밥,밥류,95.0,3.5,1.99,15.04,0.42,0.4,80.0,0.48,0,B,-2.0
장어 양념구이,구이류,300.8,16.08,18.56,16.4,5.62,1.54,710.4,4.75,0,C,3.0
장어 초밥,밥류,95.0,3.5,1.99,15.04,0.42,0.4,80.0,0.48,0,B,-2.0
장어구이,구이류,259.0,19.82,16.2,5.87,0.44,0.9,207.0,3.6,0,B,-3.0
장어매운탕,찌개 및 전골류,57.0,5.7,2.11,3.97,1.49,1.2,219.0,0.48,0,B,-3.0
장어탕,국 및 탕류,67.0,4.32,3.91,3.68,2.66,1.1,387.0,0.63,0,C,0.0
장어튀김,튀김류,209.0,10.2,14.75,6.64,0.01,0.3,899.0,3.71,0,D,5.0
장조림,조림류,127.0,11.69,5.06,5.77,2.09,0.8,628.0,1.63,0,C,0.0
재첩국,국 및 탕류,21.0,1.48,0.45,2.8,0.06,0.2,174.5,0.06,0,C,0.0
쟁반국수,면 및 만두류,112.0,4.1,2.33,18.95,2.9,1.4,161.5,0.55,0,B,-3.0
쟁반짜장,면 및 만두류,145.0,5.85,2.63,23.63,2.42,1.6,321.0,0.53,0,B,-2.0
적어구이,구이류,174.0,20.9,9.04,0.31,0.1,0.0,1203.0,1.32,0,D,5.0
적어조림,조림류,54.0,7.0,0.95,3.33,1.09,0.6,142.0,0.14,0,B,-4.0
전갱이구이,구이류,226.0,27.7,11.75,0.17,0.06,0.0,1200.0,2.34,0,D,6.0
전복죽,죽 및 스프류,99.5,2.8,3.32,15.89,0.11,0.6,187.5,0.36,0,C,0.0
전복탕,국 및 탕류,33.0,4.47,0.5,2.63,0.22,1.0,296.0,0.1,0,C,-1.0
전어구이,구이류,33.0,5.86,0.82,0.06,0.02,0.0,193.0,0.25,0,B,-2.0
전어조림,조림류,60.0,9.0,1.22,1.9,0.69,0.3,93.0,0.36,0,A,-5.0
절편,빵 및 과자류,194.5,5.77,1.61,39.22,0.16,1.6,225.0,0.24,0,B,-3.0
제육(돼지고기 수육),찜류,149.0,16.77,7.7,1.62,0.35,0.4,300.33,2.76,0,B,-2.0
제육볶음,볶음류,126.83,11.04,5.77,7.35,3.67,1.15,255.17,1.96,1,A,-6.0
젤리,빵 및 과자류,328.0,0.0,0.0,82.0,70.0,2.3,0.0,0.0,0,D,8.0
조개 미역국,국 및 탕류,11.0,1.5,0.24,0.97,0.07,0.6,241.0,0.05,0,C,1.0
조개구이,구이류,130.0,17.43,2.07,10.44,3.6,3.9,454.0,0.09,0,A,-5.0
조개국,국 및 탕류,22.5,2.84,0.73,1.04,0.21,1.05,293.5,0.08,0,C,0.0
조개젓,젓갈류,103.0,8.61,2.05,12.61,6.46,2.4,3040.0,0.38,0,C,3.0
조개탕,국 및 탕류,12.0,1.8,0.15,0.7,0.18,0.1,111.0,0.03,0,C,-1.0
조기 양념구이,구이류,219.0,22.1,9.3,10.98,5.75,0.9,1633.0,1.95,0,D,4.0
조기 오븐구이,구이류,39.5,5.9,1.58,0.02,0.01,0.0,33.0,0.42,0,B,-3.0
조기구이,구이류,168.0,19.33,8.02,0.89,0.29,0.1,737.0,1.78,0,C,2.0
조기조림,조림류,128.0,13.7,6.27,4.27,1.5,2.2,590.0,1.67,0,B,-2.0
조기찌개,찌개 및 전골류,23.0,2.4,0.64,1.93,0.59,0.7,94.0,0.16,0,C,-1.0
조기찜,찜류,71.0,9.2,2.53,2.58,0.88,1.0,126.0,0.61,0,A,-6.0
조기튀김,튀김류,144.0,13.4,7.77,3.62,0.01,0.1,84.0,1.6,0,A,-5.0
조미 김구이,구이류,38.5,1.8,3.43,1.75,0.14,1.7,386.5,0.5,0,C,1.0
족발,찜류,226.5,27.48,12.78,0.46,0.14,1.15,338.5,4.22,0,C,-1.0
주꾸미볶음,볶음류,82.0,7.48,2.08,8.86,2.96,2.22,273.25,0.31,1,A,-5.0
주꾸미삼겹살,볶음류,161.0,10.11,8.66,10.66,5.41,2.3,280.0,2.29,1,A,-5.0
주먹밥,밥류,145.38,3.39,2.37,26.87,0.72,1.08,175.25,0.42,0,B,-3.0
죽순볶음,볶음류,133.0,4.3,10.85,6.19,1.48,3.7,1.0,1.65,1,A,-7.0
중식우동,면 및 만두류,91.0,4.73,0.84,15.29,0.82,0.9,202.0,0.21,0,B,-2.0
중식잡채,볶음류,83.0,2.3,2.24,13.58,1.13,1.0,112.0,0.54,1,B,-3.0
쥐포무침,생채·무침류,318.5,27.75,7.94,34.61,23.04,1.15,1461.5,1.32,5,C,3.0
쥐포조림,조림류,194.0,13.03,3.02,23.06,15.01,0.4,602.0,0.53,0,C,2.0
쥐포튀김,튀김류,270.5,11.66,12.97,26.52,8.2,0.7,504.0,1.88,0,C,-1.0
증편,빵 및 과자류,200.0,3.17,1.2,44.15,3.19,1.0,284.0,0.15,0,C,0.0
지리탕,국 및 탕류,41.5,6.94,0.74,1.68,0.24,0.8,235.5,0.12,0,B,-3.0
짜사이무침,생채·무침류,43.0,0.4,3.04,3.66,2.8,0.9,947.0,0.46,5,C,3.0
짜장면,면 및 만두류,118.25,4.28,1.77,22.83,1.94,2.45,338.5,0.37,0,B,-2.0
짜장밥,밥류,128.4,4.18,1.89,23.09,1.94,1.36,260.2,0.29,0,B,-2.0
짜장소스,"장류, 양념류",100.75,4.32,3.69,12.86,4.15,2.42,538.75,0.7,0,C,0.0
짬뽕,면 및 만두류,70.09,3.51,1.65,10.19,0.65,1.08,245.36,0.31,0,B,-2.0
짬뽕라면,면 및 만두류,91.0,3.4,2.92,12.32,0.28,0.9,91.0,1.25,0,B,-3.0
짬뽕밥,밥류,72.0,3.2,1.4,11.65,0.56,0.6,89.0,0.23,0,B,-2.0
쫄면,면 및 만두류,120.4,3.32,1.21,23.83,3.98,1.32,510.6,0.21,0,C,1.0
쫄볶이,볶음류,150.0,4.7,1.41,29.37,3.97,1.3,652.0,0.58,1,C,2.0
차돌박이구이,구이류,488.0,17.94,45.69,1.31,0.33,0.0,93.0,16.24,0,E,14.0
차조밥,밥류,119.0,2.21,0.22,25.77,0.03,0.5,2.0,0.06,0,C,-1.0
찰떡빵,빵 및 과자류,295.5,5.37,8.1,42.21,17.45,2.3,281.25,2.23,0,C,0.0
찰밥,밥류,120.0,2.2,0.34,25.75,0.14,0.6,1.0,0.09,0,C,-1.0
찰시루떡,빵 및 과자류,181.0,6.63,0.41,37.63,1.22,1.4,182.0,0.13,0,B,-4.0
참깨죽,죽 및 스프류,38.0,1.0,1.2,5.9,0.34,0.7,120.0,0.0,0,C,0.0
참나물,나물·숙채류,17.0,0.76,0.81,2.11,0.2,1.1,173.0,0.12,5,A,-6.0
참나물 겉절이,생채·무침류,18.89,0.85,0.7,2.86,0.8,1.3,107.67,0.11,5,A,-6.0
참나물 무침,생채·무침류,15.0,0.7,0.71,1.85,0.14,1.0,99.0,0.11,5,A,-6.0
참치 미역국,국 및 탕류,27.33,2.9,1.57,0.84,0.17,0.63,250.67,0.18,0,C,0.0
참치 샐러드,생채·무침류,223.75,13.2,17.69,2.86,1.73,0.62,264.0,2.29,5,A,-8.0
참치 완자전,전·적 및 부침류,220.0,18.8,8.84,14.84,1.73,1.9,962.0,1.37,0,C,2.0
참치강정,튀김류,291.5,24.5,10.69,22.36,6.46,0.8,854.0,1.94,0,C,3.0
참치구이,구이류,316.0,33.5,19.02,0.05,0.02,0.0,1130.0,5.4,0,E,9.0
참치덮밥,밥류,108.0,5.8,2.13,15.91,2.05,1.2,341.0,0.28,0,B,-2.0
참치죽,죽 및 스프류,64.2,2.58,1.76,9.42,0.34,0.54,137.8,0.23,0,C,-1.0
참치찌개,찌개 및 전골류,43.0,5.53,1.0,3.07,1.26,0.8,314.67,0.1,0,C,-1.0
참치회덮밥,밥류,76.0,4.73,0.81,12.14,1.65,0.7,88.0,0.19,0,B,-2.0
찹쌀떡,빵 및 과자류,269.75,4.28,1.33,60.17,21.94,1.95,204.75,0.18,0,C,0.0
찹쌀죽,죽 및 스프류,63.0,1.1,0.27,13.39,0.05,0.2,130.0,0.06,0,C,0.0
채소 꼬치구이,구이류,91.0,2.8,2.3,14.29,0.98,1.3,406.0,0.52,0,C,1.0
채소밥,밥류,114.33,2.6,0.91,23.13,0.35,0.9,134.33,0.18,0,B,-2.0
채소전,전·적 및 부침류,184.17,4.39,7.55,23.66,1.38,2.05,249.33,1.36,0,B,-3.0
채소죽,죽 및 스프류,61.0,1.4,1.39,9.88,0.36,0.5,120.0,0.23,0,C,0.0
채소튀김,튀김류,157.5,2.35,7.9,18.5,1.36,1.8,468.0,1.2,0,C,1.0
천사채무침,생채·무침류,73.0,3.3,5.51,2.95,0.65,1.3,248.0,1.23,5,A,-7.0
청경채나물,나물·숙채류,14.0,1.06,0.58,1.59,0.23,0.9,156.0,0.09,5,A,-6.0
청국장찌개,찌개 및 전골류,43.5,3.9,0.98,3.2,0.8,1.8,242.0,0.2,0,B,-2.0
청어구이,구이류,129.0,8.2,10.03,0.22,0.07,0.0,391.0,1.85,0,B,-2.0
청포묵 무침,생채·무침류,49.86,1.75,2.11,6.87,0.73,1.74,272.71,0.37,5,A,-5.0
청포묵국,국 및 탕류,44.0,2.9,2.62,2.16,0.16,0.6,55.0,0.81,0,C,-1.0
초간장,"장류, 양념류",72.25,6.48,0.0,11.54,2.89,0.5,3189.25,0.0,0,D,6.0
초당순두부,국 및 탕류,58.0,5.46,3.24,1.76,0.1,1.2,134.0,0.42,0,B,-4.0
초밥,밥류,159.0,6.97,1.94,29.82,3.62,1.0,386.0,0.41,0,B,-2.0
초코소라빵,빵 및 과자류,319.0,3.29,10.93,51.76,9.29,2.1,215.0,4.34,0,C,1.0
초콜릿,빵 및 과자류,611.0,9.09,10.18,40.0,36.36,2.3,64.0,18.18,0,E,20.0
총각김치,김치류,42.0,1.92,0.29,7.89,3.0,2.4,630.0,0.05,5,B,-2.0
추어탕,찌개 및 전골류,35.5,3.26,1.4,2.55,0.41,1.42,236.17,0.19,0,B,-2.0
충무김밥,밥류,137.0,4.68,1.69,25.44,2.58,1.8,255.0,0.33,0,B,-3.0
취나물,나물·숙채류,51.5,2.8,1.74,5.55,0.96,4.1,170.5,0.24,5,A,-10.0
취나물무침,나물·숙채류,36.5,1.7,1.34,5.65,0.7,2.3,258.5,0.2,5,A,-7.0
츄러스,빵 및 과자류,359.45,5.88,13.91,52.3,13.87,2.0,425.95,2.28,0,C,2.0
치아바타,빵 및 과자류,276.0,7.57,6.49,45.95,3.24,2.3,530.0,0.86,0,B,-2.0
치즈 스파게티,면 및 만두류,99.0,4.5,2.09,15.18,2.14,1.2,133.0,0.94,0,B,-3.0
치즈볼,튀김류,316.33,7.92,20.0,35.85,4.46,0.3,381.67,7.54,0,D,5.0
치즈빵,빵 및 과자류,313.75,8.13,14.11,38.75,6.49,2.3,427.67,4.72,0,C,-1.0
치즈스틱,튀김류,329.0,14.3,20.32,22.28,1.96,1.1,635.5,7.08,0,D,6.0
치커리 겉절이,생채·무침류,40.0,1.81,1.86,4.78,1.27,1.85,333.0,0.3,5,A,-6.0
치커리무침,생채·무침류,16.0,0.8,0.48,2.35,0.69,0.8,171.0,0.08,5,A,-5.0
치킨가스,튀김류,296.0,13.96,16.96,22.01,2.08,1.9,390.0,4.21,0,C,-1.0
치킨데리야끼,구이류,129.5,16.27,1.27,9.85,3.68,1.45,304.0,0.22,0,B,-4.0
칠면조구이,구이류,207.0,30.6,7.98,0.96,0.11,0.3,551.0,2.06,0,C,1.0
카레라이스,밥류,112.92,3.24,1.87,20.44,1.11,0.83,109.5,0.59,0,B,-2.0
카레소스,"장류, 양념류",70.0,2.74,2.33,9.75,2.44,1.3,376.0,1.06,0,C,1.0
카스텔라,빵 및 과자류,337.67,7.03,16.7,40.28,25.7,1.3,174.33,5.88,0,C,3.0
카페라떼,음료 및 차류,49.33,1.7,1.83,6.57,4.53,0.0,20.33,1.18,0,C,-1.0
카페모카,음료 및 차류,83.75,2.0,3.44,11.45,7.86,0.2,29.75,2.28,0,C,0.0
칼국수,면 및 만두류,78.0,2.82,0.52,14.74,0.22,0.8,209.5,0.11,0,C,0.0
캘리포니아롤,밥류,163.0,4.11,3.02,29.74,2.97,2.5,432.0,0.71,0,C,-1.0
커피,음료 및 차류,42.5,1.12,1.11,5.04,4.07,0.1,22.0,1.04,0,C,0.0
커피(타먹는커피),음료 및 차류,51.0,0.5,1.17,9.81,6.15,0.0,2.0,1.1,0,C,0.0
케이크,빵 및 과자류,316.59,4.84,19.57,30.38,17.47,1.52,147.98,9.01,0,D,6.0
코다리조림,조림류,68.0,10.1,1.04,3.86,1.24,0.5,308.0,0.16,0,B,-3.0
코다리찜,찜류,46.0,6.0,0.9,3.74,0.84,0.9,149.0,0.14,0,B,-4.0
코코아,음료 및 차류,94.25,2.46,4.77,10.97,8.06,0.3,45.75,3.2,0,C,1.0
콘치즈구이,구이류,105.0,2.3,3.81,15.24,2.87,0.9,151.0,2.1,0,C,-1.0
콩국수,면 및 만두류,98.6,4.76,2.53,13.84,0.73,2.02,209.2,0.28,0,B,-3.0
콩나물 국밥,밥류,59.67,2.62,0.77,10.53,0.35,0.77,57.67,0.21,0,C,-1.0
콩나물 느타리무침,생채·무침류,45.5,3.05,2.8,4.28,0.58,2.0,184.0,0.44,5,A,-7.0
콩나물 된장국,국 및 탕류,24.5,2.7,0.69,2.54,0.62,0.95,273.5,0.13,0,C,0.0
콩나물 선짓국,국 및 탕류,21.0,3.1,0.34,1.79,0.29,0.9,146.0,0.06,0,B,-2.0
콩나물 황태국,국 및 탕류,30.0,4.6,0.87,0.99,0.3,0.3,129.0,0.23,0,B,-2.0
콩나물국,국 및 탕류,7.0,0.85,0.23,0.97,0.14,0.4,164.0,0.04,0,C,0.0
콩나물냉채,생채·무침류,42.5,2.93,1.01,6.89,3.44,1.55,175.67,0.16,5,A,-7.0
콩나물무침,나물·숙채류,23.0,2.1,1.17,2.19,0.43,1.0,137.0,0.2,5,A,-7.0
콩나물밥,밥류,116.62,3.74,1.16,22.31,0.29,1.01,130.38,0.28,0,B,-3.0
콩나물잡채,볶음류,73.0,3.5,5.18,3.89,1.8,1.0,135.25,1.32,1,B,-4.0
콩나물찌개,찌개 및 전골류,12.0,1.6,0.37,1.09,0.13,0.4,219.0,0.08,0,C,0.0
콩나물찜,찜류,56.0,6.67,1.01,4.97,1.17,2.5,223.0,0.21,0,A,-5.0
콩밥,밥류,165.0,4.38,0.39,34.3,1.13,1.3,25.0,0.14,0,B,-3.0
콩비지찌개,찌개 및 전골류,41.5,3.51,1.3,4.01,0.82,2.5,217.0,0.28,0,B,-3.0
콩조림,조림류,198.0,13.5,6.44,22.36,6.45,7.3,620.0,0.95,0,A,-5.0
콩조림(콩자반),조림류,276.0,18.64,5.96,36.97,3.53,16.2,967.5,0.34,0,C,-1.0
크로와상,빵 및 과자류,357.67,6.76,16.82,45.19,12.81,2.3,382.56,10.61,0,D,8.0
크로켓(고로케),빵 및 과자류,285.22,6.11,15.24,32.11,6.25,1.1,461.67,3.36,0,C,2.0
크로플,빵 및 과자류,251.5,5.0,12.0,30.24,12.0,2.3,175.0,7.14,0,C,2.0
크림빵,빵 및 과자류,337.25,5.83,17.03,39.24,15.01,2.3,237.44,8.09,0,D,5.0
키조개구이,구이류,75.0,8.7,3.41,1.86,0.66,0.6,881.0,0.53,0,C,3.0
타르트,빵 및 과자류,329.0,5.94,19.13,33.27,12.69,2.3,232.2,10.12,0,D,6.0
탄산음료,음료 및 차류,53.0,0.0,0.09,12.79,11.73,0.3,2.0,0.0,0,C,1.0
탄탄면,면 및 만두류,174.0,5.73,7.4,21.0,3.1,1.0,339.0,1.02,0,B,-2.0
탕수어,튀김류,249.0,11.23,6.84,34.37,7.49,1.17,286.0,1.11,0,B,-4.0
탕수육,튀김류,160.0,10.6,6.86,13.14,5.24,0.75,184.0,1.49,0,B,-4.0
탕평채,생채·무침류,74.6,2.63,3.8,7.61,0.41,1.94,386.4,1.15,5,A,-5.0
토란국,국 및 탕류,29.25,1.67,1.11,3.3,0.24,0.68,187.0,0.34,0,C,0.0
토란대나물,나물·숙채류,32.0,0.9,1.68,3.88,1.12,1.4,174.0,0.17,5,A,-6.0
토란대나물무침,나물·숙채류,68.0,5.14,3.38,4.22,0.39,3.4,222.0,0.46,5,A,-10.0
토스트,빵 및 과자류,292.33,6.38,11.65,42.12,13.24,2.3,395.33,5.36,0,C,3.0
토스트(식빵),빵 및 과자류,84.0,2.5,1.33,15.55,2.61,1.0,140.0,0.78,0,B,-2.0
톳나물,나물·숙채류,41.0,3.18,1.78,4.65,1.38,2.85,186.5,0.27,5,A,-8.0
톳나물무침,생채·무침류,75.0,1.87,2.09,12.28,6.94,6.4,600.0,0.3,5,A,-6.0
트위스터 샌드위치,빵 및 과자류,56.0,3.6,2.95,3.41,0.59,0.33,128.67,0.82,0,B,-2.0
파강회,"채소, 해조류",42.0,1.2,1.71,6.33,3.39,1.8,276.0,0.29,0,C,0.0
파김치,김치류,49.0,2.5,0.58,8.51,2.8,4.6,655.0,0.11,5,A,-5.0
파래무침,생채·무침류,37.0,1.8,1.12,5.13,1.64,1.45,302.0,0.17,5,A,-5.0
파래볶음,볶음류,61.0,1.2,5.95,1.88,0.09,1.1,60.0,0.89,1,B,-2.0
파래전,전·적 및 부침류,197.0,4.74,5.03,31.77,0.83,1.5,283.0,0.84,0,C,-1.0
파무침,생채·무침류,40.0,1.6,1.97,5.72,3.14,1.7,286.0,0.31,5,A,-5.0
파운드케이크,빵 및 과자류,226.0,3.5,11.79,26.67,9.33,0.6,119.0,5.75,0,C,3.0
파이/만주,빵 및 과자류,363.64,5.49,17.26,46.4,19.57,3.6,244.71,8.99,0,D,5.0
파전,전·적 및 부침류,101.0,4.56,3.04,14.54,1.05,1.2,435.0,0.7,0,C,0.0
팔보채,볶음류,90.0,12.42,2.9,3.17,1.1,0.9,609.0,0.44,1,B,-2.0
팝콘,"곡류, 서류 제품",495.0,7.11,23.45,63.92,13.9,8.6,302.5,10.84,0,E,13.0
팟타이,면 및 만두류,188.5,5.51,9.39,20.52,7.27,1.35,356.5,2.29,0,C,-1.0
팥밥,밥류,124.25,2.65,0.31,26.55,0.13,0.9,2.0,0.09,0,B,-2.0
팥빙수,유제품류 및 빙과류,99.0,2.27,0.82,20.93,11.65,1.37,34.0,0.47,0,C,-1.0
팥빵,빵 및 과자류,289.0,8.5,10.18,44.37,15.82,2.3,171.25,3.88,0,B,-3.0
팥죽,죽 및 스프류,95.0,3.49,0.21,19.45,2.32,2.38,136.8,0.06,0,B,-4.0
페이스트리,빵 및 과자류,378.86,6.64,23.06,35.77,10.13,2.55,352.29,12.07,0,E,9.0
폭찹,볶음류,124.0,12.2,5.35,5.73,3.49,0.8,164.0,1.3,1,A,-6.0
표고버섯볶음,볶음류,34.75,1.7,2.1,3.97,0.93,1.85,143.25,0.34,1,B,-4.0
풋고추된장무침,생채·무침류,45.0,1.9,0.92,7.94,2.16,2.7,390.0,0.15,5,A,-6.0
풋고추볶음,볶음류,70.0,1.93,3.23,8.25,4.34,3.7,276.0,0.58,1,B,-4.0
풋고추찜,찜류,53.0,2.31,1.01,8.93,1.19,3.3,528.5,0.14,0,C,0.0
풋마늘무침,생채·무침류,62.0,1.8,1.04,9.59,5.19,3.4,155.0,0.14,5,A,-9.0
프레즐,빵 및 과자류,268.0,11.11,6.73,40.09,4.29,3.2,370.0,3.33,0,B,-3.0
피망볶음,볶음류,111.0,1.5,7.56,9.6,2.06,1.75,381.0,1.12,1,C,1.0
피자,빵 및 과자류,264.81,12.76,11.46,26.96,3.82,2.22,463.85,5.35,0,C,1.0
피자빵,빵 및 과자류,289.2,7.22,17.14,29.62,5.72,2.2,531.2,4.95,0,C,1.0
피조개무침,생채·무침류,64.5,6.06,1.14,7.78,4.29,1.75,265.0,0.22,5,A,-8.0
하이라이스,밥류,114.33,3.34,1.37,21.58,0.66,0.97,126.67,0.24,0,B,-3.0
함박스테이크,구이류,201.71,16.0,9.39,12.19,4.03,1.49,443.57,2.87,0,B,-2.0
핫도그,빵 및 과자류,305.18,8.92,16.73,29.22,5.6,2.77,525.82,4.73,0,C,-1.0
핫케이크,빵 및 과자류,193.0,4.7,5.18,30.48,5.54,0.9,339.0,2.59,0,C,0.0
해물 덮밥,밥류,78.0,3.8,0.39,14.15,0.69,0.6,68.0,0.1,0,B,-2.0
해물 된장국,국 및 탕류,37.5,5.75,0.68,1.92,0.67,0.6,306.75,0.13,0,C,-1.0
해물 매운탕,찌개 및 전골류,33.5,5.6,0.52,1.86,0.5,0.7,189.5,0.1,0,B,-2.0
해물 스파게티,면 및 만두류,82.0,4.8,1.13,12.78,1.91,1.03,111.67,0.24,0,B,-3.0
해물 완자전,전·적 및 부침류,221.0,15.4,10.05,15.66,2.09,1.25,161.0,1.63,0,A,-6.0
해물 채소전,전·적 및 부침류,195.0,10.7,7.77,18.92,1.24,1.1,267.0,1.34,0,A,-5.0
해물볶음,볶음류,109.25,11.29,3.71,7.52,2.51,1.3,476.75,0.61,1,B,-3.0
해물전골,찌개 및 전골류,26.0,3.2,0.64,1.95,0.52,0.6,178.0,0.11,0,B,-2.0
해물찜,찜류,72.33,6.15,2.15,7.15,3.18,1.9,415.67,0.25,0,B,-2.0
해물칼국수,면 및 만두류,77.0,3.09,0.4,14.64,0.22,0.5,252.0,0.1,0,C,0.0
해물콩나물찜,찜류,49.5,6.67,0.96,4.3,0.84,1.25,165.0,0.17,0,A,-5.0
해물탕,찌개 및 전골류,39.0,5.37,0.87,2.4,0.5,0.95,371.5,0.12,0,C,-1.0
해물파전,전·적 및 부침류,135.0,8.06,4.42,12.96,0.92,0.95,180.5,0.84,0,A,-5.0
해신탕,찌개 및 전골류,57.0,7.93,1.88,2.03,0.41,0.8,266.0,0.38,0,B,-3.0
해장국,국 및 탕류,29.0,3.86,0.97,1.67,0.42,1.0,312.0,0.21,0,C,-1.0
해초무침,생채·무침류,39.0,0.95,0.16,8.52,3.95,4.3,862.0,0.06,5,C,-1.0
해파리냉채,생채·무침류,37.0,1.83,0.57,6.6,3.61,0.93,605.33,0.09,5,B,-2.0
햄구이,구이류,177.5,20.27,9.61,2.36,1.65,0.0,755.25,2.96,0,C,3.0
햄버거,빵 및 과자류,212.15,10.08,10.25,19.57,3.31,2.8,387.62,3.65,0,B,-3.0
햄볶음,볶음류,183.0,10.47,11.37,9.6,3.33,1.8,803.0,3.6,1,C,1.0
햄부침,전·적 및 부침류,216.6,14.78,11.8,11.72,0.9,0.58,526.0,2.85,0,C,0.0
햄샌드위치,빵 및 과자류,220.25,6.83,11.38,22.64,2.69,1.8,375.5,4.49,0,C,1.0
햄샐러드,생채·무침류,124.75,4.03,5.44,15.17,5.34,1.42,199.5,1.05,5,A,-7.0
햄전,전·적 및 부침류,220.5,14.87,13.58,8.34,1.02,0.15,515.5,3.61,0,C,1.0
햄채소볶음,볶음류,182.0,8.95,12.48,8.93,5.14,1.85,464.5,2.94,1,B,-3.0
허니브레드,빵 및 과자류,400.67,8.53,19.6,47.44,8.23,2.3,338.33,12.01,0,D,8.0
허브차,음료 및 차류,2.0,0.0,0.02,0.47,0.38,0.3,0.0,0.0,0,C,0.0
현미밥,밥류,120.0,2.25,0.37,25.89,0.1,0.65,1.5,0.1,0,C,-1.0
현미죽,죽 및 스프류,64.0,1.2,0.4,15.2,0.4,0.6,1.0,0.09,0,C,0.0
호떡,빵 및 과자류,147.0,2.7,5.91,20.14,4.76,0.9,2.0,0.86,0,B,-2.0
호밀빵,빵 및 과자류,263.0,8.0,8.0,37.33,2.67,2.3,300.0,0.93,0,B,-4.0
호박 된장국,국 및 탕류,17.0,1.2,0.4,2.17,0.49,0.8,212.0,0.07,0,C,1.0
호박고지볶음,볶음류,104.0,2.4,2.17,20.28,9.98,3.9,911.0,0.32,1,D,4.0
호박나물,나물·숙채류,46.0,0.9,3.06,4.27,1.93,1.7,290.5,0.45,5,B,-4.0
호박볶음,볶음류,30.5,0.85,1.64,3.6,1.7,1.45,189.0,0.24,1,C,-1.0
호박오가리나물무침,나물·숙채류,201.0,6.14,10.01,21.46,6.82,7.0,1849.0,1.65,5,B,-3.0
호박잎 된장국,국 및 탕류,17.0,1.3,0.37,2.53,0.54,1.1,183.0,0.06,0,C,0.0
호박전,전·적 및 부침류,122.75,3.38,7.38,10.47,1.65,2.3,181.0,1.31,0,B,-3.0
호박죽,죽 및 스프류,49.0,1.1,0.22,9.7,3.56,1.5,106.0,0.04,0,C,-1.0
호박찌개,찌개 및 전골류,36.5,1.98,0.93,5.02,1.25,1.3,276.0,0.12,0,C,0.0
혼합잡곡밥,밥류,118.0,2.4,0.34,25.29,0.14,0.85,5.75,0.08,0,C,-1.0
홍어무침,생채·무침류,99.0,8.93,1.32,12.98,7.23,3.4,401.0,0.18,5,A,-10.0
홍어찌개,찌개 및 전골류,51.0,7.7,0.97,3.15,0.79,1.5,84.0,0.17,0,A,-5.0
홍어찜,찜류,41.0,7.2,0.54,1.49,0.29,0.3,267.0,0.09,0,B,-3.0
홍어회무침,생채·무침류,72.0,7.9,1.27,7.72,4.08,1.4,610.5,0.22,5,A,-5.0
홍차,음료 및 차류,2.0,0.23,0.02,0.47,0.38,0.3,0.0,0.0,0,C,0.0
홍합 무국,국 및 탕류,20.33,2.63,0.44,1.34,0.24,0.13,151.0,0.09,0,C,-1.0
홍합 미나리죽,죽 및 스프류,64.0,1.9,0.3,13.12,0.77,0.95,85.0,0.07,0,B,-2.0
홍합 미역국,국 및 탕류,13.0,1.45,0.51,0.9,0.18,0.5,238.0,0.09,0,C,1.0
홍합 소고기죽,죽 및 스프류,113.67,5.4,2.85,15.72,0.59,0.73,86.0,0.82,0,B,-3.0
홍합국(홍합탕),국 및 탕류,17.0,2.8,0.24,0.75,0.04,0.0,110.25,0.06,0,C,-1.0
홍합산적,전·적 및 부침류,196.0,22.23,6.0,13.22,4.17,1.8,900.0,1.04,0,C,2.0
홍합탕,국 및 탕류,29.0,3.68,0.57,2.28,0.45,0.6,303.0,0.14,0,C,0.0
화양적,전·적 및 부침류,155.0,9.72,8.27,10.31,0.98,3.8,523.5,2.02,0,B,-4.0
황태구이,구이류,181.5,22.27,5.74,9.68,4.72,1.2,436.0,0.89,0,B,-3.0
황태콩나물찜,찜류,82.0,10.17,1.99,6.92,1.74,2.5,244.0,0.35,0,A,-6.0
황태해장국,국 및 탕류,30.0,4.08,1.13,0.95,0.25,0.9,256.0,0.18,0,B,-2.0
회냉면,면 및 만두류,80.0,3.4,0.87,14.38,1.43,0.7,294.0,0.2,0,C,0.0
회덮밥,밥류,117.25,5.96,2.46,17.56,2.06,1.1,113.5,0.52,0,B,-4.0
회무침,생채·무침류,89.33,8.98,1.45,10.08,5.81,2.7,343.0,0.3,5,A,-11.0
효모빵,빵 및 과자류,268.75,8.26,3.31,51.99,8.49,2.3,380.0,1.27,0,B,-4.0
훈제오리,구이류,289.0,22.04,20.4,4.34,0.26,0.25,688.0,5.54,0,D,5.0
훠궈,찌개 및 전골류,93.0,4.81,5.11,6.83,1.13,1.8,390.0,0.97,0,B,-2.0
흑미밥,밥류,119.17,2.18,0.23,25.9,0.07,0.55,2.0,0.07,0,C,-1.0
흑임자 죽,죽 및 스프류,83.5,1.65,4.05,10.0,0.45,0.9,144.5,0.4,0,B,-2.0
흰죽,죽 및 스프류,64.0,1.2,0.28,13.49,0.09,0.3,130.0,0.07,0,C,0.0
